"State","Year","Category","Avg_Dollars_Spent","Avg_Unit_Sales","Population"
"Alabama","2020","Alcohol",25368933.94,2966789.65,5024279
"Alabama","2020","Beverages",44949700.58,18813778.19,5024279
"Alabama","2020","Commercially prepared items",74704775.12,29681360.77,5024279
"Alabama","2020","Dairy",15820920,5540086.25,5024279
"Alabama","2020","Fats and oils",2860161.25,846162.13,5024279
"Alabama","2020","Fruits",11701331.98,4411667.25,5024279
"Alabama","2020","Grains",10037954.21,4556099.23,5024279
"Alabama","2020","Meats, eggs, and nuts",38673324.02,8879353.85,5024279
"Alabama","2020","Other",9602043.73,1908804.21,5024279
"Alabama","2020","Sugar and sweeteners",1361499.46,430296.27,5024279
"Alabama","2020","Vegetables",14792868.92,7905077.42,5024279
"Alabama","2021","Alcohol",25267783.13,2909018.27,5050380
"Alabama","2021","Beverages",50054201.19,19466677.73,5050380
"Alabama","2021","Commercially prepared items",81036216.88,30003650.69,5050380
"Alabama","2021","Dairy",16216676.15,5491151.69,5050380
"Alabama","2021","Fats and oils",2851929.52,765669.02,5050380
"Alabama","2021","Fruits",12849879.08,4540731.23,5050380
"Alabama","2021","Grains",9915998.29,4294676.6,5050380
"Alabama","2021","Meats, eggs, and nuts",39518463.71,8535603.71,5050380
"Alabama","2021","Other",10084555.83,1891365.98,5050380
"Alabama","2021","Sugar and sweeteners",1315175,380020.62,5050380
"Alabama","2021","Vegetables",14671507,7472682.02,5050380
"Alabama","2022","Alcohol",25848301.4,2917670.25,5073903
"Alabama","2022","Beverages",54872749.6,18840447.88,5073903
"Alabama","2022","Commercially prepared items",89836491.06,28945587.48,5073903
"Alabama","2022","Dairy",17944613.65,5346152.31,5073903
"Alabama","2022","Fats and oils",3511739.13,745506.85,5073903
"Alabama","2022","Fruits",13822400.63,4485709.04,5073903
"Alabama","2022","Grains",11337885.96,4255496.1,5073903
"Alabama","2022","Meats, eggs, and nuts",42831359.9,8190618.81,5073903
"Alabama","2022","Other",10826387.87,1805583.33,5073903
"Alabama","2022","Sugar and sweeteners",1434872.12,366801.15,5073903
"Alabama","2022","Vegetables",15819770.98,7204121.5,5073903
"Arizona","2020","Alcohol",43606223.92,5191312,7157902
"Arizona","2020","Beverages",47980203.85,19402181.19,7157902
"Arizona","2020","Commercially prepared items",95577796.5,35659535.35,7157902
"Arizona","2020","Dairy",25488416.08,9373711.02,7157902
"Arizona","2020","Fats and oils",3829728.37,1071869.44,7157902
"Arizona","2020","Fruits",19105045.54,9024024.81,7157902
"Arizona","2020","Grains",15218101.1,6609630.25,7157902
"Arizona","2020","Meats, eggs, and nuts",53699490.67,11825596.31,7157902
"Arizona","2020","Other",12153324.5,2399612.88,7157902
"Arizona","2020","Sugar and sweeteners",1373784.31,386379,7157902
"Arizona","2020","Vegetables",24004107.19,14883055.04,7157902
"Arizona","2021","Alcohol",42939062.67,5029792.75,7272487
"Arizona","2021","Beverages",52745181.73,20113030.48,7272487
"Arizona","2021","Commercially prepared items",101208516.88,35440639.85,7272487
"Arizona","2021","Dairy",26100417.69,9246235.58,7272487
"Arizona","2021","Fats and oils",3646738.63,971688.94,7272487
"Arizona","2021","Fruits",20785373.6,9102373.67,7272487
"Arizona","2021","Grains",15178282.1,6327782.31,7272487
"Arizona","2021","Meats, eggs, and nuts",55068871.6,11456585.21,7272487
"Arizona","2021","Other",12655200.81,2401271.31,7272487
"Arizona","2021","Sugar and sweeteners",1288140.33,342168.98,7272487
"Arizona","2021","Vegetables",23772919.81,14374967.81,7272487
"Arizona","2022","Alcohol",43458400.29,4946109.38,7365684
"Arizona","2022","Beverages",57447210.23,18930077.94,7365684
"Arizona","2022","Commercially prepared items",111703694.85,34263116.71,7365684
"Arizona","2022","Dairy",29122006.46,9055969.15,7365684
"Arizona","2022","Fats and oils",4426533.4,941833.56,7365684
"Arizona","2022","Fruits",22296464.19,8803752.13,7365684
"Arizona","2022","Grains",17265983.37,6339412.87,7365684
"Arizona","2022","Meats, eggs, and nuts",60077840.87,11097805.31,7365684
"Arizona","2022","Other",13361417.92,2278368.79,7365684
"Arizona","2022","Sugar and sweeteners",1411905.48,333811.44,7365684
"Arizona","2022","Vegetables",25460216.46,14084094.4,7365684
"Arkansas","2020","Alcohol",6610590.69,811262.62,3011490
"Arkansas","2020","Beverages",24434620.52,9511095.9,3011490
"Arkansas","2020","Commercially prepared items",45245483.98,18070525.35,3011490
"Arkansas","2020","Dairy",10710301.83,3752807.88,3011490
"Arkansas","2020","Fats and oils",1896580.56,559724.6,3011490
"Arkansas","2020","Fruits",6743723.87,2878524.04,3011490
"Arkansas","2020","Grains",6234429.5,2917963.25,3011490
"Arkansas","2020","Meats, eggs, and nuts",24128513.25,5601952.77,3011490
"Arkansas","2020","Other",6653053.31,1283953,3011490
"Arkansas","2020","Sugar and sweeteners",913113.4,270758,3011490
"Arkansas","2020","Vegetables",9907018.04,5770156.15,3011490
"Arkansas","2021","Alcohol",6774716.54,796076.9,3028443
"Arkansas","2021","Beverages",26658886.65,9785117.79,3028443
"Arkansas","2021","Commercially prepared items",46811202.21,17564940.12,3028443
"Arkansas","2021","Dairy",10690670.56,3624826.38,3028443
"Arkansas","2021","Fats and oils",1829254.33,494196.62,3028443
"Arkansas","2021","Fruits",7165111.6,2846336.85,3028443
"Arkansas","2021","Grains",6061453.06,2697166.67,3028443
"Arkansas","2021","Meats, eggs, and nuts",24369662.4,5257723.13,3028443
"Arkansas","2021","Other",6676880.27,1235633.37,3028443
"Arkansas","2021","Sugar and sweeteners",849455.38,238516.67,3028443
"Arkansas","2021","Vegetables",9462865.56,5307246.81,3028443
"Arkansas","2022","Alcohol",6768395.56,745289.38,3046404
"Arkansas","2022","Beverages",29413272.27,9552973.29,3046404
"Arkansas","2022","Commercially prepared items",51834002.81,17050465.67,3046404
"Arkansas","2022","Dairy",12018720.08,3584507.96,3046404
"Arkansas","2022","Fats and oils",2248865.12,480219.67,3046404
"Arkansas","2022","Fruits",7652045.48,2809761.77,3046404
"Arkansas","2022","Grains",6947727.15,2688289.19,3046404
"Arkansas","2022","Meats, eggs, and nuts",26171726.9,5060557.1,3046404
"Arkansas","2022","Other",7052728.67,1166343.15,3046404
"Arkansas","2022","Sugar and sweeteners",957817.73,237013.65,3046404
"Arkansas","2022","Vegetables",10192384.1,5158241.9,3046404
"California","2020","Alcohol",179493921.27,17909311.79,39538212
"California","2020","Beverages",197416810.54,74221390.81,39538212
"California","2020","Commercially prepared items",398356164.44,133707855.79,39538212
"California","2020","Dairy",117386833.73,35876268.04,39538212
"California","2020","Fats and oils",17632845.81,4032859.04,39538212
"California","2020","Fruits",93391638.79,34861823.1,39538212
"California","2020","Grains",68435317.87,25574833.92,39538212
"California","2020","Meats, eggs, and nuts",220648460.13,43007840.5,39538212
"California","2020","Other",46772470.48,9267620.88,39538212
"California","2020","Sugar and sweeteners",5913198.54,1587463.96,39538212
"California","2020","Vegetables",110657461.5,55447671.25,39538212
"California","2021","Alcohol",172944525.37,17109524.58,39145060
"California","2021","Beverages",208883093.06,74112420.63,39145060
"California","2021","Commercially prepared items",403727522.19,129054325.5,39145060
"California","2021","Dairy",114664665.62,34356066.02,39145060
"California","2021","Fats and oils",15550387.75,3480739.21,39145060
"California","2021","Fruits",96958295.62,34451809.65,39145060
"California","2021","Grains",64505183.35,23186009.12,39145060
"California","2021","Meats, eggs, and nuts",217269494.87,39911173.21,39145060
"California","2021","Other",46296764,8962364.38,39145060
"California","2021","Sugar and sweeteners",5251320.44,1347761.17,39145060
"California","2021","Vegetables",104178491.94,51404955.52,39145060
"California","2022","Alcohol",169361139.33,16430581.67,39040616
"California","2022","Beverages",228613927.02,71912957.12,39040616
"California","2022","Commercially prepared items",448917444.42,125548085.44,39040616
"California","2022","Dairy",123880629.33,33431235.13,39040616
"California","2022","Fats and oils",17938116.12,3287133.73,39040616
"California","2022","Fruits",104653457,33590317.25,39040616
"California","2022","Grains",71654286.98,23096138.81,39040616
"California","2022","Meats, eggs, and nuts",230419648.37,38290832.25,39040616
"California","2022","Other",49236348.15,8716236.04,39040616
"California","2022","Sugar and sweeteners",5741821.17,1287648.81,39040616
"California","2022","Vegetables",108966586.44,49738161.13,39040616
"Colorado","2020","Alcohol",8592446.17,983757.25,5773707
"Colorado","2020","Beverages",40234254,14544149.52,5773707
"Colorado","2020","Commercially prepared items",84237299.85,29704751.98,5773707
"Colorado","2020","Dairy",25054848.94,8211631.81,5773707
"Colorado","2020","Fats and oils",3706913.33,908701.13,5773707
"Colorado","2020","Fruits",18987071.88,7853565.96,5773707
"Colorado","2020","Grains",13482048.88,5346496.85,5773707
"Colorado","2020","Meats, eggs, and nuts",47143398.75,9503756.6,5773707
"Colorado","2020","Other",10327044.27,1998660.44,5773707
"Colorado","2020","Sugar and sweeteners",1404990.37,359554.71,5773707
"Colorado","2020","Vegetables",22761817.27,12347536.67,5773707
"Colorado","2021","Alcohol",9349433.83,1034854.12,5811596
"Colorado","2021","Beverages",43140906.27,14849272.44,5811596
"Colorado","2021","Commercially prepared items",87043335.33,29081556.67,5811596
"Colorado","2021","Dairy",24692048.88,7940956.98,5811596
"Colorado","2021","Fats and oils",3447617.94,810855.15,5811596
"Colorado","2021","Fruits",19970773.04,7743945.75,5811596
"Colorado","2021","Grains",13025215.06,4976252.42,5811596
"Colorado","2021","Meats, eggs, and nuts",47240970.31,9025992.85,5811596
"Colorado","2021","Other",10381778.83,1956290.85,5811596
"Colorado","2021","Sugar and sweeteners",1265786.35,315149.15,5811596
"Colorado","2021","Vegetables",22237129.83,11613900.87,5811596
"Colorado","2022","Alcohol",9895829.5,1056369.4,5841039
"Colorado","2022","Beverages",47451976.67,14328861.88,5841039
"Colorado","2022","Commercially prepared items",97628525.08,28228765.63,5841039
"Colorado","2022","Dairy",27102420.23,7761184.12,5841039
"Colorado","2022","Fats and oils",4153114.65,784894.13,5841039
"Colorado","2022","Fruits",21398398.81,7508780.33,5841039
"Colorado","2022","Grains",14821900.33,4896238.4,5841039
"Colorado","2022","Meats, eggs, and nuts",50908468.87,8670901.83,5841039
"Colorado","2022","Other",11336629.73,1930497.67,5841039
"Colorado","2022","Sugar and sweeteners",1423522.79,306041.88,5841039
"Colorado","2022","Vegetables",23612209.71,11264295.56,5841039
"Connecticut","2020","Alcohol",2072174.65,215567.56,3605912
"Connecticut","2020","Beverages",20560965.81,7395040.54,3605912
"Connecticut","2020","Commercially prepared items",48451641.17,15829550.71,3605912
"Connecticut","2020","Dairy",16350018.13,5263700.29,3605912
"Connecticut","2020","Fats and oils",2600960.67,587385.58,3605912
"Connecticut","2020","Fruits",12481462.63,4076885.79,3605912
"Connecticut","2020","Grains",9199663.5,3515583.52,3605912
"Connecticut","2020","Meats, eggs, and nuts",30491683.96,5725294.4,3605912
"Connecticut","2020","Other",6470056.58,1203375.6,3605912
"Connecticut","2020","Sugar and sweeteners",799830.19,220065.52,3605912
"Connecticut","2020","Vegetables",15111169,6856618.77,3605912
"Connecticut","2021","Alcohol",2053356.56,213797.5,3603691
"Connecticut","2021","Beverages",21860831.21,7471745.58,3603691
"Connecticut","2021","Commercially prepared items",49193576.04,15391219.75,3603691
"Connecticut","2021","Dairy",15897659,5035264.44,3603691
"Connecticut","2021","Fats and oils",2303931.87,512602.6,3603691
"Connecticut","2021","Fruits",12891959.77,3988911.98,3603691
"Connecticut","2021","Grains",8722614.4,3211226.73,3603691
"Connecticut","2021","Meats, eggs, and nuts",29538897.98,5309450.69,3603691
"Connecticut","2021","Other",6429024.69,1153690.9,3603691
"Connecticut","2021","Sugar and sweeteners",734384.27,191640.83,3603691
"Connecticut","2021","Vegetables",14189150.65,6265122.98,3603691
"Connecticut","2022","Alcohol",2083153.27,197724.35,3608706
"Connecticut","2022","Beverages",24036509.37,7274886.21,3608706
"Connecticut","2022","Commercially prepared items",54088592.27,14964770.88,3608706
"Connecticut","2022","Dairy",16945063.79,4830282.29,3608706
"Connecticut","2022","Fats and oils",2671741.73,484677.23,3608706
"Connecticut","2022","Fruits",13375168.21,3835522.67,3608706
"Connecticut","2022","Grains",9718758.67,3150984.25,3608706
"Connecticut","2022","Meats, eggs, and nuts",30940843.81,5110102.31,3608706
"Connecticut","2022","Other",6633254.9,1109944.23,3608706
"Connecticut","2022","Sugar and sweeteners",800563.52,184354.5,3608706
"Connecticut","2022","Vegetables",14577777.5,5976756.06,3608706
"Florida","2020","Alcohol",118800959.71,13208961.52,21538216
"Florida","2020","Beverages",155972317.23,57534917.13,21538216
"Florida","2020","Commercially prepared items",318682375,104792371.69,21538216
"Florida","2020","Dairy",88704367.13,28336745.25,21538216
"Florida","2020","Fats and oils",14982871.73,3612149.31,21538216
"Florida","2020","Fruits",72944102.27,27132701.56,21538216
"Florida","2020","Grains",50661338.38,19892582.21,21538216
"Florida","2020","Meats, eggs, and nuts",187809887.62,36164634.23,21538216
"Florida","2020","Other",42309528.6,8231624.21,21538216
"Florida","2020","Sugar and sweeteners",5511697.85,1515388.62,21538216
"Florida","2020","Vegetables",82395697.75,38591985.94,21538216
"Florida","2021","Alcohol",120255041.71,13130052.31,21830708
"Florida","2021","Beverages",174013485.56,60854737.04,21830708
"Florida","2021","Commercially prepared items",345117122.38,107869457,21830708
"Florida","2021","Dairy",90446136.12,28156828.56,21830708
"Florida","2021","Fats and oils",14665905.81,3378882.71,21830708
"Florida","2021","Fruits",79450705.25,27876703.04,21830708
"Florida","2021","Grains",50721581.29,19284309.27,21830708
"Florida","2021","Meats, eggs, and nuts",191357106.58,35185730.08,21830708
"Florida","2021","Other",43743563.31,8278223.75,21830708
"Florida","2021","Sugar and sweeteners",5310590.71,1404026.62,21830708
"Florida","2021","Vegetables",80305791.4,36767477.88,21830708
"Florida","2022","Alcohol",123379116.19,13012851.17,22245521
"Florida","2022","Beverages",195947927.62,60790586.19,22245521
"Florida","2022","Commercially prepared items",388888531.08,107852461.94,22245521
"Florida","2022","Dairy",100140073.79,28041106.17,22245521
"Florida","2022","Fats and oils",17869177.08,3363977.02,22245521
"Florida","2022","Fruits",86151280.19,28014590.13,22245521
"Florida","2022","Grains",58982008.87,19667013.04,22245521
"Florida","2022","Meats, eggs, and nuts",209985025.65,35053896.8,22245521
"Florida","2022","Other",46754899.46,8130530.4,22245521
"Florida","2022","Sugar and sweeteners",5833330.31,1392896.38,22245521
"Florida","2022","Vegetables",86571164.4,36340920.9,22245521
"Georgia","2020","Alcohol",43473595.12,6219328.48,10713771
"Georgia","2020","Beverages",83408730.58,33634275.9,10713771
"Georgia","2020","Commercially prepared items",149598050.81,57398478.08,10713771
"Georgia","2020","Dairy",34608793.96,12257669.98,10713771
"Georgia","2020","Fats and oils",6502012.23,1840631.58,10713771
"Georgia","2020","Fruits",28465745.12,11171857,10713771
"Georgia","2020","Grains",22156289.73,9537271.17,10713771
"Georgia","2020","Meats, eggs, and nuts",80483602.94,17851276.67,10713771
"Georgia","2020","Other",22328428.13,4272673.4,10713771
"Georgia","2020","Sugar and sweeteners",2950675.15,865707.19,10713771
"Georgia","2020","Vegetables",34306060.1,18056007.65,10713771
"Georgia","2021","Alcohol",42936830.06,6033904.37,10790385
"Georgia","2021","Beverages",92512192.62,34909514.21,10790385
"Georgia","2021","Commercially prepared items",160387158.88,57706504.12,10790385
"Georgia","2021","Dairy",34889865.9,12015344,10790385
"Georgia","2021","Fats and oils",6390307.37,1671975.04,10790385
"Georgia","2021","Fruits",30749684.46,11380855.08,10790385
"Georgia","2021","Grains",21762589.37,8965993.38,10790385
"Georgia","2021","Meats, eggs, and nuts",81750710.25,17064724.02,10790385
"Georgia","2021","Other",22701274.44,4182734.25,10790385
"Georgia","2021","Sugar and sweeteners",2789573.17,777398.56,10790385
"Georgia","2021","Vegetables",33434856.92,16933209.17,10790385
"Georgia","2022","Alcohol",42809293.17,5745509.37,10913150
"Georgia","2022","Beverages",102210349.13,33979093.79,10913150
"Georgia","2022","Commercially prepared items",183961976.94,57448753.15,10913150
"Georgia","2022","Dairy",38821593.58,11737825.04,10913150
"Georgia","2022","Fats and oils",7809245.13,1605325.02,10913150
"Georgia","2022","Fruits",33615983.85,11284895.02,10913150
"Georgia","2022","Grains",25060968.04,8918978.58,10913150
"Georgia","2022","Meats, eggs, and nuts",89095758.33,16464505.71,10913150
"Georgia","2022","Other",24687336.58,4060523.23,10913150
"Georgia","2022","Sugar and sweeteners",3032817.33,741618.83,10913150
"Georgia","2022","Vegetables",35803358.06,16334271.04,10913150
"Illinois","2020","Alcohol",46779059.12,5021132.08,12813469
"Illinois","2020","Beverages",70928966.19,26175313.38,12813469
"Illinois","2020","Commercially prepared items",156355700.17,55362365.48,12813469
"Illinois","2020","Dairy",39579230.1,14301958.69,12813469
"Illinois","2020","Fats and oils",6438753.67,1735834.23,12813469
"Illinois","2020","Fruits",29528426.52,11643631.79,12813469
"Illinois","2020","Grains",23140848.15,10737578.56,12813469
"Illinois","2020","Meats, eggs, and nuts",77054308.06,16884771,12813469
"Illinois","2020","Other",19517345.6,3852916.13,12813469
"Illinois","2020","Sugar and sweeteners",2327458.44,669380.35,12813469
"Illinois","2020","Vegetables",34506388.46,18219859.31,12813469
"Illinois","2021","Alcohol",45795164.75,4851699.48,12690341
"Illinois","2021","Beverages",77431568.06,26960710.98,12690341
"Illinois","2021","Commercially prepared items",162293920.25,54459077.15,12690341
"Illinois","2021","Dairy",39266288.5,13667044.58,12690341
"Illinois","2021","Fats and oils",5929951.31,1513748.46,12690341
"Illinois","2021","Fruits",30801230.63,11556558.75,12690341
"Illinois","2021","Grains",22355288.65,9881812.23,12690341
"Illinois","2021","Meats, eggs, and nuts",77062868.13,16025284.4,12690341
"Illinois","2021","Other",19900693.29,3731651.58,12690341
"Illinois","2021","Sugar and sweeteners",2113179.12,580324.6,12690341
"Illinois","2021","Vegetables",33005069.56,16836983.1,12690341
"Illinois","2022","Alcohol",45610679.37,4688177.37,12582515
"Illinois","2022","Beverages",84338132.71,25778134.48,12582515
"Illinois","2022","Commercially prepared items",179705841.62,53085184.6,12582515
"Illinois","2022","Dairy",42921081.69,13201211.88,12582515
"Illinois","2022","Fats and oils",7024061.63,1439869.69,12582515
"Illinois","2022","Fruits",32762760.12,11335413.62,12582515
"Illinois","2022","Grains",25152475.98,9472567.1,12582515
"Illinois","2022","Meats, eggs, and nuts",82335498.71,15324897.69,12582515
"Illinois","2022","Other",20879329.44,3496540.67,12582515
"Illinois","2022","Sugar and sweeteners",2286905.56,555422.33,12582515
"Illinois","2022","Vegetables",34594133.92,16015895.75,12582515
"Indiana","2020","Alcohol",19783428.42,1728161.31,6785442
"Indiana","2020","Beverages",49488865.44,19384410.63,6785442
"Indiana","2020","Commercially prepared items",96246585.06,37487361.69,6785442
"Indiana","2020","Dairy",23527146.42,9182056.85,6785442
"Indiana","2020","Fats and oils",3586334.19,1067234.69,6785442
"Indiana","2020","Fruits",15239768.63,6556179.67,6785442
"Indiana","2020","Grains",12896681,6223722.81,6785442
"Indiana","2020","Meats, eggs, and nuts",48076963.9,11554295.85,6785442
"Indiana","2020","Other",12280249.54,2417757.69,6785442
"Indiana","2020","Sugar and sweeteners",1426653.48,450110.13,6785442
"Indiana","2020","Vegetables",20132869.77,11507188.96,6785442
"Indiana","2021","Alcohol",18230361.37,1559287.71,6813798
"Indiana","2021","Beverages",54049543.83,19916301.25,6813798
"Indiana","2021","Commercially prepared items",100423346.4,36881920.13,6813798
"Indiana","2021","Dairy",23929494.15,8919705.54,6813798
"Indiana","2021","Fats and oils",3422059.13,951815.17,6813798
"Indiana","2021","Fruits",16224065.27,6449171.48,6813798
"Indiana","2021","Grains",12797739.29,5816582.15,6813798
"Indiana","2021","Meats, eggs, and nuts",48331012.88,10919436.02,6813798
"Indiana","2021","Other",12578165.56,2358709.27,6813798
"Indiana","2021","Sugar and sweeteners",1347730.73,403346.58,6813798
"Indiana","2021","Vegetables",19678926.35,10747557.08,6813798
"Indiana","2022","Alcohol",17405919.08,1392739.37,6832274
"Indiana","2022","Beverages",59267104.21,19021503.33,6832274
"Indiana","2022","Commercially prepared items",111161491.15,35599832.46,6832274
"Indiana","2022","Dairy",26642699.75,8638051.35,6832274
"Indiana","2022","Fats and oils",4169278.12,919387.75,6832274
"Indiana","2022","Fruits",17310475.1,6179528.98,6832274
"Indiana","2022","Grains",14717097.13,5754177.06,6832274
"Indiana","2022","Meats, eggs, and nuts",51731877.63,10352778.9,6832274
"Indiana","2022","Other",13608787.06,2254706.58,6832274
"Indiana","2022","Sugar and sweeteners",1498861.69,392641.13,6832274
"Indiana","2022","Vegetables",21058820.33,10327007.12,6832274
"Iowa","2020","Alcohol",18951839.35,1909556.52,3190427
"Iowa","2020","Beverages",25343617.85,9981462.12,3190427
"Iowa","2020","Commercially prepared items",56111430.46,20102329.38,3190427
"Iowa","2020","Dairy",13772968.52,5004025.85,3190427
"Iowa","2020","Fats and oils",1950231.19,575014.62,3190427
"Iowa","2020","Fruits",8228106.37,3072230.23,3190427
"Iowa","2020","Grains",6924575.46,3074463.79,3190427
"Iowa","2020","Meats, eggs, and nuts",24735511.94,5526492,3190427
"Iowa","2020","Other",5520898.87,1104529.62,3190427
"Iowa","2020","Sugar and sweeteners",651796.48,211898.1,3190427
"Iowa","2020","Vegetables",10526766.94,5638416.75,3190427
"Iowa","2021","Alcohol",19823857.13,1954013.4,3197944
"Iowa","2021","Beverages",27815997.56,10455104.42,3197944
"Iowa","2021","Commercially prepared items",58465087.83,19992406.75,3197944
"Iowa","2021","Dairy",13557168.4,4801184.54,3197944
"Iowa","2021","Fats and oils",1780566.63,491928.87,3197944
"Iowa","2021","Fruits",8602798.54,2943962.96,3197944
"Iowa","2021","Grains",6646920.44,2816898.19,3197944
"Iowa","2021","Meats, eggs, and nuts",24904623.63,5336591.13,3197944
"Iowa","2021","Other",5464851.92,1045449.56,3197944
"Iowa","2021","Sugar and sweeteners",608075.19,185256.21,3197944
"Iowa","2021","Vegetables",10008168.23,5152960.79,3197944
"Iowa","2022","Alcohol",19643255.56,1874252.6,3199693
"Iowa","2022","Beverages",30249428.71,10091473.35,3199693
"Iowa","2022","Commercially prepared items",63828792.98,19324379.81,3199693
"Iowa","2022","Dairy",14699182.21,4599839.37,3199693
"Iowa","2022","Fats and oils",2124811.96,480405.54,3199693
"Iowa","2022","Fruits",9169796.44,2971763.56,3199693
"Iowa","2022","Grains",7522310.4,2767160.98,3199693
"Iowa","2022","Meats, eggs, and nuts",27528380.38,5276869.71,3199693
"Iowa","2022","Other",5795902.19,984065.19,3199693
"Iowa","2022","Sugar and sweeteners",671997.38,186179.35,3199693
"Iowa","2022","Vegetables",10715183.08,5002674.83,3199693
"Kansas","2020","Alcohol",3686829.67,391215.6,2937835
"Kansas","2020","Beverages",19990120,7672901.23,2937835
"Kansas","2020","Commercially prepared items",44886039.44,16710479.62,2937835
"Kansas","2020","Dairy",11065827.46,4033402.17,2937835
"Kansas","2020","Fats and oils",1664045.31,488276.29,2937835
"Kansas","2020","Fruits",7440011.37,3018683.85,2937835
"Kansas","2020","Grains",6102891.52,2756642.15,2937835
"Kansas","2020","Meats, eggs, and nuts",22206517.37,4992827.52,2937835
"Kansas","2020","Other",5064410.06,1018544.08,2937835
"Kansas","2020","Sugar and sweeteners",638208.02,197645.33,2937835
"Kansas","2020","Vegetables",9792282.83,5667090.88,2937835
"Kansas","2021","Alcohol",3690053.56,368889.63,2937946
"Kansas","2021","Beverages",21595192.69,7857850.46,2937946
"Kansas","2021","Commercially prepared items",46558986.65,16391206,2937946
"Kansas","2021","Dairy",10933526.58,3865535.63,2937946
"Kansas","2021","Fats and oils",1543664.44,423300.02,2937946
"Kansas","2021","Fruits",7838310.52,2946404.23,2937946
"Kansas","2021","Grains",5879332.13,2549278.67,2937946
"Kansas","2021","Meats, eggs, and nuts",22040947.98,4682496.46,2937946
"Kansas","2021","Other",5097210.54,988001.31,2937946
"Kansas","2021","Sugar and sweeteners",589588.6,175581.77,2937946
"Kansas","2021","Vegetables",9402017.38,5218262.25,2937946
"Kansas","2022","Alcohol",3817778.5,360320.13,2936716
"Kansas","2022","Beverages",23854653.42,7595299.38,2936716
"Kansas","2022","Commercially prepared items",51477673.25,15817886.08,2936716
"Kansas","2022","Dairy",12192982.94,3760401.12,2936716
"Kansas","2022","Fats and oils",1886629.85,407453.98,2936716
"Kansas","2022","Fruits",8299670.92,2848234.42,2936716
"Kansas","2022","Grains",6728706,2514432.04,2936716
"Kansas","2022","Meats, eggs, and nuts",23497028.27,4426330,2936716
"Kansas","2022","Other",5524387.06,944480.96,2936716
"Kansas","2022","Sugar and sweeteners",659500.63,171425.98,2936716
"Kansas","2022","Vegetables",10043879.06,5012361.58,2936716
"Kentucky","2020","Alcohol",14402030.87,1581236.92,4506297
"Kentucky","2020","Beverages",37910834.73,14914312.29,4506297
"Kentucky","2020","Commercially prepared items",66799679.62,27208418.38,4506297
"Kentucky","2020","Dairy",14893417.25,5872345.73,4506297
"Kentucky","2020","Fats and oils",2404752.08,753590.54,4506297
"Kentucky","2020","Fruits",9609257.62,4095365.81,4506297
"Kentucky","2020","Grains",9054036.52,4441069.75,4506297
"Kentucky","2020","Meats, eggs, and nuts",33973869.44,8411707.29,4506297
"Kentucky","2020","Other",8637407.19,1730176.69,4506297
"Kentucky","2020","Sugar and sweeteners",1100150.21,362370.85,4506297
"Kentucky","2020","Vegetables",13736332.48,7933502.29,4506297
"Kentucky","2021","Alcohol",14175433.83,1525360.08,4507600
"Kentucky","2021","Beverages",42378558.92,15613386.71,4507600
"Kentucky","2021","Commercially prepared items",70969425.1,27109484.56,4507600
"Kentucky","2021","Dairy",15230580.92,5746157.69,4507600
"Kentucky","2021","Fats and oils",2324771.62,672520.96,4507600
"Kentucky","2021","Fruits",10337947.9,4097352.69,4507600
"Kentucky","2021","Grains",9017884.73,4164463.58,4507600
"Kentucky","2021","Meats, eggs, and nuts",34761417.71,8068726.96,4507600
"Kentucky","2021","Other",8907554.63,1703069.27,4507600
"Kentucky","2021","Sugar and sweeteners",1053630.15,320932.02,4507600
"Kentucky","2021","Vegetables",13430498.17,7404369.94,4507600
"Kentucky","2022","Alcohol",14330021.46,1470886.62,4511563
"Kentucky","2022","Beverages",45837579.17,14799677.63,4511563
"Kentucky","2022","Commercially prepared items",77382291.85,25806175.06,4511563
"Kentucky","2022","Dairy",17133983,5585819.94,4511563
"Kentucky","2022","Fats and oils",2821951.02,645159.96,4511563
"Kentucky","2022","Fruits",10930877.73,3977975.08,4511563
"Kentucky","2022","Grains",10384732.81,4110501.98,4511563
"Kentucky","2022","Meats, eggs, and nuts",36672525.85,7605344.29,4511563
"Kentucky","2022","Other",9332975.77,1600649.17,4511563
"Kentucky","2022","Sugar and sweeteners",1180431.35,312201.33,4511563
"Kentucky","2022","Vegetables",14347522.29,7091817.13,4511563
"Louisiana","2020","Alcohol",30029287.08,3549273.17,4657785
"Louisiana","2020","Beverages",39998159,15240897.83,4657785
"Louisiana","2020","Commercially prepared items",67171728.37,26210841.04,4657785
"Louisiana","2020","Dairy",14228417.5,4632022.85,4657785
"Louisiana","2020","Fats and oils",3024528.37,821894.87,4657785
"Louisiana","2020","Fruits",10344693.69,3945498.06,4657785
"Louisiana","2020","Grains",10194850.17,4267062.63,4657785
"Louisiana","2020","Meats, eggs, and nuts",39211594.13,8661635.77,4657785
"Louisiana","2020","Other",10953499.58,2087752.29,4657785
"Louisiana","2020","Sugar and sweeteners",1328656.52,395247.75,4657785
"Louisiana","2020","Vegetables",15003493,8087281.21,4657785
"Louisiana","2021","Alcohol",28668268.71,3264939.46,4627047
"Louisiana","2021","Beverages",43344027.35,15613679.33,4627047
"Louisiana","2021","Commercially prepared items",70993933.56,26234249.58,4627047
"Louisiana","2021","Dairy",14062245.9,4510810.12,4627047
"Louisiana","2021","Fats and oils",2961071.87,741028.38,4627047
"Louisiana","2021","Fruits",11088733.44,3991542.4,4627047
"Louisiana","2021","Grains",9835775.21,3976073.62,4627047
"Louisiana","2021","Meats, eggs, and nuts",40354998.9,8254739.63,4627047
"Louisiana","2021","Other",11710038.37,2095707.58,4627047
"Louisiana","2021","Sugar and sweeteners",1256735.33,351582.6,4627047
"Louisiana","2021","Vegetables",14618393.67,7615743.21,4627047
"Louisiana","2022","Alcohol",28204092.94,3070087.38,4588023
"Louisiana","2022","Beverages",47906264.62,15329729.12,4588023
"Louisiana","2022","Commercially prepared items",77852810.46,25341368.31,4588023
"Louisiana","2022","Dairy",15407910.94,4437714.65,4588023
"Louisiana","2022","Fats and oils",3572078.69,717499.94,4588023
"Louisiana","2022","Fruits",11863893.21,3930251.1,4588023
"Louisiana","2022","Grains",11042349.21,3916032.17,4588023
"Louisiana","2022","Meats, eggs, and nuts",43147382.54,7982375.73,4588023
"Louisiana","2022","Other",12170679.69,1992182.77,4588023
"Louisiana","2022","Sugar and sweeteners",1385438.33,342544.25,4588023
"Louisiana","2022","Vegetables",15710958.6,7452349.92,4588023
"Maine","2020","Alcohol",11030178.67,1193229.17,1363177
"Maine","2020","Beverages",10749037.58,4005527.17,1363177
"Maine","2020","Commercially prepared items",22978984,7766274.92,1363177
"Maine","2020","Dairy",7322672.42,2381001.33,1363177
"Maine","2020","Fats and oils",1235379.92,305493.35,1363177
"Maine","2020","Fruits",4744441.6,1654680.75,1363177
"Maine","2020","Grains",4174595.06,1545897.98,1363177
"Maine","2020","Meats, eggs, and nuts",13118212.33,2643851.02,1363177
"Maine","2020","Other",2416567.85,478965.42,1363177
"Maine","2020","Sugar and sweeteners",390128.08,108739.06,1363177
"Maine","2020","Vegetables",6472765.48,3018602.06,1363177
"Maine","2021","Alcohol",10936345.19,1163409,1378787
"Maine","2021","Beverages",11677509.87,4155854.88,1378787
"Maine","2021","Commercially prepared items",24050869.42,7766535.77,1378787
"Maine","2021","Dairy",7432228.38,2380218.6,1378787
"Maine","2021","Fats and oils",1155294.92,275688.48,1378787
"Maine","2021","Fruits",5118315.35,1682442.83,1378787
"Maine","2021","Grains",4140229.75,1473880.31,1378787
"Maine","2021","Meats, eggs, and nuts",13534680.6,2578607.98,1378787
"Maine","2021","Other",2533811.27,484385.58,1378787
"Maine","2021","Sugar and sweeteners",365263.54,96359.92,1378787
"Maine","2021","Vegetables",6482456.48,2922997.94,1378787
"Maine","2022","Alcohol",11091669.08,1126035.88,1389338
"Maine","2022","Beverages",13109180.65,4183052.54,1389338
"Maine","2022","Commercially prepared items",26908094.35,7687195.9,1389338
"Maine","2022","Dairy",8075414.92,2359001.98,1389338
"Maine","2022","Fats and oils",1367138.94,274180.5,1389338
"Maine","2022","Fruits",5447687.96,1674768.75,1389338
"Maine","2022","Grains",4617879.23,1469522.94,1389338
"Maine","2022","Meats, eggs, and nuts",14323317.94,2505342.87,1389338
"Maine","2022","Other",2749051.69,479667.58,1389338
"Maine","2022","Sugar and sweeteners",405429.92,95189.54,1389338
"Maine","2022","Vegetables",6741513.04,2840074.5,1389338
"Maryland","2020","Alcohol",5944619.42,683451.44,6177253
"Maryland","2020","Beverages",37085385.69,13517111.83,6177253
"Maryland","2020","Commercially prepared items",82208059.92,28189517.71,6177253
"Maryland","2020","Dairy",21661888.58,7153411.56,6177253
"Maryland","2020","Fats and oils",3748675.48,897242.88,6177253
"Maryland","2020","Fruits",18760819.15,6191508.27,6177253
"Maryland","2020","Grains",13407888.04,5088183.96,6177253
"Maryland","2020","Meats, eggs, and nuts",47704067.17,9125337.56,6177253
"Maryland","2020","Other",12827368,2223067.54,6177253
"Maryland","2020","Sugar and sweeteners",1469118.85,400571.6,6177253
"Maryland","2020","Vegetables",21331112.94,9774282.27,6177253
"Maryland","2021","Alcohol",5412048.08,623903.79,6175045
"Maryland","2021","Beverages",39902947.13,13742143.42,6175045
"Maryland","2021","Commercially prepared items",83767176.25,27415829.19,6175045
"Maryland","2021","Dairy",21081958.6,6824433.21,6175045
"Maryland","2021","Fats and oils",3452721.81,790074.92,6175045
"Maryland","2021","Fruits",19651837.35,6140793.65,6175045
"Maryland","2021","Grains",12706695.63,4656156.71,6175045
"Maryland","2021","Meats, eggs, and nuts",47092442.75,8505019.35,6175045
"Maryland","2021","Other",12801234.42,2178366.31,6175045
"Maryland","2021","Sugar and sweeteners",1338245.58,340539.77,6175045
"Maryland","2021","Vegetables",20171288.92,8939674.02,6175045
"Maryland","2022","Alcohol",4667767.56,596468.19,6163981
"Maryland","2022","Beverages",43463818.5,13232783.6,6163981
"Maryland","2022","Commercially prepared items",92490036.58,26618077.29,6163981
"Maryland","2022","Dairy",22456140.96,6527920.54,6163981
"Maryland","2022","Fats and oils",4009718.42,749883.12,6163981
"Maryland","2022","Fruits",20487545,5879771.19,6163981
"Maryland","2022","Grains",14005625.5,4528558.65,6163981
"Maryland","2022","Meats, eggs, and nuts",48751798.48,8115221.21,6163981
"Maryland","2022","Other",13176318.73,2098754.48,6163981
"Maryland","2022","Sugar and sweeteners",1454522.37,327517.73,6163981
"Maryland","2022","Vegetables",20797030.6,8502614.92,6163981
"Massachusetts","2020","Alcohol",9601185.25,944225.81,7032933
"Massachusetts","2020","Beverages",41883687.79,14834406.54,7032933
"Massachusetts","2020","Commercially prepared items",94883919.48,31491755.4,7032933
"Massachusetts","2020","Dairy",31708032.71,10449860.06,7032933
"Massachusetts","2020","Fats and oils",5267317.9,1202876.06,7032933
"Massachusetts","2020","Fruits",22933760.15,7430655.96,7032933
"Massachusetts","2020","Grains",18110650.46,6844602.87,7032933
"Massachusetts","2020","Meats, eggs, and nuts",54313662.67,10141774.67,7032933
"Massachusetts","2020","Other",10286086.9,2016236,7032933
"Massachusetts","2020","Sugar and sweeteners",1623959.1,448614.9,7032933
"Massachusetts","2020","Vegetables",25563058.29,11619594.48,7032933
"Massachusetts","2021","Alcohol",9722452.13,988646.92,6991951
"Massachusetts","2021","Beverages",44509504.04,14963576.42,6991951
"Massachusetts","2021","Commercially prepared items",96972631.98,30688709.38,6991951
"Massachusetts","2021","Dairy",31205301.65,10083677.54,6991951
"Massachusetts","2021","Fats and oils",4789897.85,1054444.58,6991951
"Massachusetts","2021","Fruits",23727533.63,7282573.52,6991951
"Massachusetts","2021","Grains",17352168.31,6294298.83,6991951
"Massachusetts","2021","Meats, eggs, and nuts",52115564.69,9332098.52,6991951
"Massachusetts","2021","Other",10317875.4,1974298.77,6991951
"Massachusetts","2021","Sugar and sweeteners",1489966.69,392907.67,6991951
"Massachusetts","2021","Vegetables",24093858.62,10573762.6,6991951
"Massachusetts","2022","Alcohol",9688224.37,987733.19,6982740
"Massachusetts","2022","Beverages",49615159.27,14914579.02,6982740
"Massachusetts","2022","Commercially prepared items",107441443.23,30017118.63,6982740
"Massachusetts","2022","Dairy",33456448.08,9777776.88,6982740
"Massachusetts","2022","Fats and oils",5555716.29,1017058.63,6982740
"Massachusetts","2022","Fruits",24524676.54,6991367.88,6982740
"Massachusetts","2022","Grains",19265038.12,6136817.69,6982740
"Massachusetts","2022","Meats, eggs, and nuts",54319898.9,8845031.31,6982740
"Massachusetts","2022","Other",10745161.44,1929046.63,6982740
"Massachusetts","2022","Sugar and sweeteners",1601726.73,379060.35,6982740
"Massachusetts","2022","Vegetables",24367984.96,9979277.54,6982740
"Michigan","2020","Alcohol",46483295.44,5339285.87,10077674
"Michigan","2020","Beverages",65979611.73,26451780.38,10077674
"Michigan","2020","Commercially prepared items",134495043.77,50959579.56,10077674
"Michigan","2020","Dairy",35775916.98,13612024.83,10077674
"Michigan","2020","Fats and oils",5928477.98,1641359.69,10077674
"Michigan","2020","Fruits",24947366.06,9904116.67,10077674
"Michigan","2020","Grains",19995860.4,8816151.02,10077674
"Michigan","2020","Meats, eggs, and nuts",67806182.98,15517144.25,10077674
"Michigan","2020","Other",16519762.5,3250359.29,10077674
"Michigan","2020","Sugar and sweeteners",1833621.17,558035.29,10077674
"Michigan","2020","Vegetables",31459660.44,17150179.79,10077674
"Michigan","2021","Alcohol",43746115.29,4963763.75,10038117
"Michigan","2021","Beverages",71467179.4,26932563.31,10038117
"Michigan","2021","Commercially prepared items",138600855.02,49562358.35,10038117
"Michigan","2021","Dairy",35522590.94,13042217.88,10038117
"Michigan","2021","Fats and oils",5409947.77,1434050.94,10038117
"Michigan","2021","Fruits",26346160.38,9575472.85,10038117
"Michigan","2021","Grains",19351318.25,8097922.73,10038117
"Michigan","2021","Meats, eggs, and nuts",68613839.69,14651599.65,10038117
"Michigan","2021","Other",16698371.25,3137196.25,10038117
"Michigan","2021","Sugar and sweeteners",1697314.54,483678.69,10038117
"Michigan","2021","Vegetables",30548237.33,15862452.58,10038117
"Michigan","2022","Alcohol",42415007.08,4682863.94,10033281
"Michigan","2022","Beverages",77804321.67,25696683.44,10033281
"Michigan","2022","Commercially prepared items",152920150.63,47592935.63,10033281
"Michigan","2022","Dairy",39287607.75,12608940.19,10033281
"Michigan","2022","Fats and oils",6422908.77,1374546.83,10033281
"Michigan","2022","Fruits",27490153.42,9252492.4,10033281
"Michigan","2022","Grains",21818296.38,7965384.83,10033281
"Michigan","2022","Meats, eggs, and nuts",73731264.29,13850290.21,10033281
"Michigan","2022","Other",17821156.62,3023946.92,10033281
"Michigan","2022","Sugar and sweeteners",1888519.56,469487.85,10033281
"Michigan","2022","Vegetables",32245114.02,15130353,10033281
"Minnesota","2020","Alcohol",6964375.17,564568.81,5706804
"Minnesota","2020","Beverages",36241668.62,13003209.83,5706804
"Minnesota","2020","Commercially prepared items",79653176.58,27440250.98,5706804
"Minnesota","2020","Dairy",22107707.69,7628476.69,5706804
"Minnesota","2020","Fats and oils",3305443.23,865987.94,5706804
"Minnesota","2020","Fruits",15823148.6,5254907,5706804
"Minnesota","2020","Grains",11744881.85,4657234.48,5706804
"Minnesota","2020","Meats, eggs, and nuts",35538478.9,7355866.08,5706804
"Minnesota","2020","Other",9581563.46,1848424.21,5706804
"Minnesota","2020","Sugar and sweeteners",1046336.9,307945.06,5706804
"Minnesota","2020","Vegetables",19662323.65,9431375.33,5706804
"Minnesota","2021","Alcohol",6571312.29,512806.1,5717968
"Minnesota","2021","Beverages",38540538.75,13280543.29,5717968
"Minnesota","2021","Commercially prepared items",81527895.35,26644552.81,5717968
"Minnesota","2021","Dairy",21585026.88,7199260.15,5717968
"Minnesota","2021","Fats and oils",2966193.52,739299.35,5717968
"Minnesota","2021","Fruits",16369292.35,5102957,5717968
"Minnesota","2021","Grains",11250611.83,4275251.12,5717968
"Minnesota","2021","Meats, eggs, and nuts",35021105.29,6837618.88,5717968
"Minnesota","2021","Other",9333471.42,1728713.98,5717968
"Minnesota","2021","Sugar and sweeteners",935017.98,263507.62,5717968
"Minnesota","2021","Vegetables",18869619.25,8675806.5,5717968
"Minnesota","2022","Alcohol",4574338.46,343455.85,5714300
"Minnesota","2022","Beverages",41565320.87,12669810.79,5714300
"Minnesota","2022","Commercially prepared items",90509398.04,25879842.71,5714300
"Minnesota","2022","Dairy",23339448.79,6859384.08,5714300
"Minnesota","2022","Fats and oils",3504726.08,700261.1,5714300
"Minnesota","2022","Fruits",16911267.35,4866680.17,5714300
"Minnesota","2022","Grains",12612245.02,4208315.58,5714300
"Minnesota","2022","Meats, eggs, and nuts",37538420.04,6570574.4,5714300
"Minnesota","2022","Other",9854875.48,1628726.44,5714300
"Minnesota","2022","Sugar and sweeteners",1027308.33,259722.33,5714300
"Minnesota","2022","Vegetables",19660320.44,8229353.77,5714300
"Mississippi","2020","Alcohol",10548174.85,1895573.77,2961306
"Mississippi","2020","Beverages",27607551.12,11724072.38,2961306
"Mississippi","2020","Commercially prepared items",43992030.17,19348715.19,2961306
"Mississippi","2020","Dairy",8968978.33,3235195.9,2961306
"Mississippi","2020","Fats and oils",1944460.31,613242.75,2961306
"Mississippi","2020","Fruits",6094105.29,2517869.67,2961306
"Mississippi","2020","Grains",6303539.04,2943704.52,2961306
"Mississippi","2020","Meats, eggs, and nuts",22683193.77,5617943.23,2961306
"Mississippi","2020","Other",6604363.29,1297068,2961306
"Mississippi","2020","Sugar and sweeteners",942409.13,301912.56,2961306
"Mississippi","2020","Vegetables",8989039.38,5092290.27,2961306
"Mississippi","2021","Alcohol",10354935.71,1814460.94,2949582
"Mississippi","2021","Beverages",29760977.63,11823451.63,2949582
"Mississippi","2021","Commercially prepared items",46153180.54,18983420.13,2949582
"Mississippi","2021","Dairy",9052932.75,3156883.87,2949582
"Mississippi","2021","Fats and oils",1901924.58,538804.08,2949582
"Mississippi","2021","Fruits",6540891.29,2504397.17,2949582
"Mississippi","2021","Grains",6110413.63,2719391.27,2949582
"Mississippi","2021","Meats, eggs, and nuts",23220928.35,5311960.06,2949582
"Mississippi","2021","Other",7261772.81,1296223.63,2949582
"Mississippi","2021","Sugar and sweeteners",908764.29,262630.12,2949582
"Mississippi","2021","Vegetables",8721342.65,4725132.44,2949582
"Mississippi","2022","Alcohol",10750116.98,1810664.62,2938928
"Mississippi","2022","Beverages",32098031.71,11362425.81,2938928
"Mississippi","2022","Commercially prepared items",49658537.9,18014150.98,2938928
"Mississippi","2022","Dairy",9920304.71,3047330.31,2938928
"Mississippi","2022","Fats and oils",2287555.92,506959.37,2938928
"Mississippi","2022","Fruits",6785755.85,2394742.88,2938928
"Mississippi","2022","Grains",6797533.06,2632633.06,2938928
"Mississippi","2022","Meats, eggs, and nuts",24494163.1,4951344.15,2938928
"Mississippi","2022","Other",7480948.44,1189936.6,2938928
"Mississippi","2022","Sugar and sweeteners",981415.25,251316.9,2938928
"Mississippi","2022","Vegetables",9226648.69,4501651.1,2938928
"Missouri","2020","Alcohol",32430832.33,4461548.02,6154889
"Missouri","2020","Beverages",43526349.44,16678574.71,6154889
"Missouri","2020","Commercially prepared items",92260890.31,34078980.85,6154889
"Missouri","2020","Dairy",22078258.13,7641228.1,6154889
"Missouri","2020","Fats and oils",3355373.73,959258.63,6154889
"Missouri","2020","Fruits",14245919.5,5349516.65,6154889
"Missouri","2020","Grains",11702224.48,5202011.56,6154889
"Missouri","2020","Meats, eggs, and nuts",44291445.65,9809953.98,6154889
"Missouri","2020","Other",11024032.52,2112249.23,6154889
"Missouri","2020","Sugar and sweeteners",1438697.62,435914.83,6154889
"Missouri","2020","Vegetables",19069990.79,10022217.56,6154889
"Missouri","2021","Alcohol",33243295.31,4610618.38,6170393
"Missouri","2021","Beverages",47773577.21,17413944.54,6170393
"Missouri","2021","Commercially prepared items",95646342.79,33813030.5,6170393
"Missouri","2021","Dairy",21918108.52,7451950.92,6170393
"Missouri","2021","Fats and oils",3157588.92,838999.85,6170393
"Missouri","2021","Fruits",14897199.75,5364403.15,6170393
"Missouri","2021","Grains",11370957.29,4877756.71,6170393
"Missouri","2021","Meats, eggs, and nuts",44243909.04,9282535.79,6170393
"Missouri","2021","Other",11010743.29,2036690.1,6170393
"Missouri","2021","Sugar and sweeteners",1334799.81,386413.13,6170393
"Missouri","2021","Vegetables",18420485.73,9297952.04,6170393
"Missouri","2022","Alcohol",32785372.62,4668640,6177168
"Missouri","2022","Beverages",52415015.02,16910746.92,6177168
"Missouri","2022","Commercially prepared items",105528957.19,32938366.67,6177168
"Missouri","2022","Dairy",24368025.62,7286642.96,6177168
"Missouri","2022","Fats and oils",3860473.6,818108.87,6177168
"Missouri","2022","Fruits",15766535.48,5218302.38,6177168
"Missouri","2022","Grains",13012276.71,4875780.25,6177168
"Missouri","2022","Meats, eggs, and nuts",47558540.38,8908982.42,6177168
"Missouri","2022","Other",11760198.17,1946298.73,6177168
"Missouri","2022","Sugar and sweeteners",1492788.73,384063.4,6177168
"Missouri","2022","Vegetables",19688743.69,9026622.23,6177168
"Nebraska","2020","Alcohol",11494586.73,1460520.87,1961965
"Nebraska","2020","Beverages",13774415.4,5307341.9,1961965
"Nebraska","2020","Commercially prepared items",29299048.1,10709376.79,1961965
"Nebraska","2020","Dairy",7747487.48,2760413.65,1961965
"Nebraska","2020","Fats and oils",1116535.33,318563.6,1961965
"Nebraska","2020","Fruits",5010567.44,1978593.33,1961965
"Nebraska","2020","Grains",4055358.79,1752641.46,1961965
"Nebraska","2020","Meats, eggs, and nuts",14296067.31,3159918.87,1961965
"Nebraska","2020","Other",3498572.85,682714.02,1961965
"Nebraska","2020","Sugar and sweeteners",395428.27,117987.06,1961965
"Nebraska","2020","Vegetables",6398584.1,3561005.9,1961965
"Nebraska","2021","Alcohol",11331906.98,1450509.96,1964253
"Nebraska","2021","Beverages",14739695.31,5438786.85,1964253
"Nebraska","2021","Commercially prepared items",30143330.1,10483626.65,1964253
"Nebraska","2021","Dairy",7566121.98,2629675.44,1964253
"Nebraska","2021","Fats and oils",1021274.81,272385.6,1964253
"Nebraska","2021","Fruits",5291599.27,1942466.21,1964253
"Nebraska","2021","Grains",3888935.12,1615382.02,1964253
"Nebraska","2021","Meats, eggs, and nuts",14104136.87,2949120.85,1964253
"Nebraska","2021","Other",3474542.35,645521.87,1964253
"Nebraska","2021","Sugar and sweeteners",360686,103490.58,1964253
"Nebraska","2021","Vegetables",6204424.38,3330153.63,1964253
"Nebraska","2022","Alcohol",11672206.69,1498237.6,1968060
"Nebraska","2022","Beverages",16163051.46,5324901.02,1968060
"Nebraska","2022","Commercially prepared items",33351861.87,10249152.85,1968060
"Nebraska","2022","Dairy",8237285.98,2559522.56,1968060
"Nebraska","2022","Fats and oils",1234471.79,266950.83,1968060
"Nebraska","2022","Fruits",5601113.75,1939930.88,1968060
"Nebraska","2022","Grains",4420096.42,1602213.37,1968060
"Nebraska","2022","Meats, eggs, and nuts",15077499.71,2809780.77,1968060
"Nebraska","2022","Other",3734612.12,624156.35,1968060
"Nebraska","2022","Sugar and sweeteners",400328.9,103784.79,1968060
"Nebraska","2022","Vegetables",6634682.17,3272625.88,1968060
"Nevada","2020","Alcohol",18607101.52,2636153.71,3104617
"Nevada","2020","Beverages",22191988.4,8829461.67,3104617
"Nevada","2020","Commercially prepared items",40477795.71,14986202.6,3104617
"Nevada","2020","Dairy",10619856.88,3503577.48,3104617
"Nevada","2020","Fats and oils",1648586.19,416852.94,3104617
"Nevada","2020","Fruits",7946748.69,3247311.29,3104617
"Nevada","2020","Grains",6102219.35,2484204.06,3104617
"Nevada","2020","Meats, eggs, and nuts",21773252.42,4533899.48,3104617
"Nevada","2020","Other",5354897.4,992115.33,3104617
"Nevada","2020","Sugar and sweeteners",604664.1,156980.65,3104617
"Nevada","2020","Vegetables",9376428.77,5074376.85,3104617
"Nevada","2021","Alcohol",18632872.17,2599097.58,3146632
"Nevada","2021","Beverages",24726308.12,9203760.65,3146632
"Nevada","2021","Commercially prepared items",42921512.08,14915345.81,3146632
"Nevada","2021","Dairy",10662734.08,3455267.08,3146632
"Nevada","2021","Fats and oils",1515722.27,367486.42,3146632
"Nevada","2021","Fruits",8605093.4,3313265.1,3146632
"Nevada","2021","Grains",5969474.71,2323085.83,3146632
"Nevada","2021","Meats, eggs, and nuts",22437780.73,4372365.65,3146632
"Nevada","2021","Other",5512364.29,1008674.92,3146632
"Nevada","2021","Sugar and sweeteners",555540.19,136315.77,3146632
"Nevada","2021","Vegetables",9160334.19,4830024.46,3146632
"Nevada","2022","Alcohol",18620648.48,2585160.21,3177421
"Nevada","2022","Beverages",27306962.73,8878817.5,3177421
"Nevada","2022","Commercially prepared items",48452619.77,14678640.9,3177421
"Nevada","2022","Dairy",11684400.12,3372476.08,3177421
"Nevada","2022","Fats and oils",1821860.56,356123.56,3177421
"Nevada","2022","Fruits",9255959.71,3305945,3177421
"Nevada","2022","Grains",6804586.38,2325795.71,3177421
"Nevada","2022","Meats, eggs, and nuts",24350612.04,4219551.29,3177421
"Nevada","2022","Other",5867329.38,992837.29,3177421
"Nevada","2022","Sugar and sweeteners",602257.23,130581.02,3177421
"Nevada","2022","Vegetables",9703827.17,4711708.71,3177421
"New Hampshire","2020","Alcohol",10467832.52,1117735.42,1377524
"New Hampshire","2020","Beverages",12894802.29,4644713.21,1377524
"New Hampshire","2020","Commercially prepared items",26573790.83,9313369.6,1377524
"New Hampshire","2020","Dairy",8726831.23,3067047.58,1377524
"New Hampshire","2020","Fats and oils",1476907.25,371055.5,1377524
"New Hampshire","2020","Fruits",5288972.4,1854731.5,1377524
"New Hampshire","2020","Grains",4952599.23,1941310.58,1377524
"New Hampshire","2020","Meats, eggs, and nuts",15293020.54,3001459.94,1377524
"New Hampshire","2020","Other",2440106.9,511062.56,1377524
"New Hampshire","2020","Sugar and sweeteners",443316.83,128470,1377524
"New Hampshire","2020","Vegetables",6480329.02,3210555.71,1377524
"New Hampshire","2021","Alcohol",10417130.02,1090275.87,1387494
"New Hampshire","2021","Beverages",13854609.83,4786707.27,1387494
"New Hampshire","2021","Commercially prepared items",27061454.13,9076307.25,1387494
"New Hampshire","2021","Dairy",8679242.96,2989360.1,1387494
"New Hampshire","2021","Fats and oils",1358596.87,329904.15,1387494
"New Hampshire","2021","Fruits",5415963.75,1803587.77,1387494
"New Hampshire","2021","Grains",4760186.06,1796011.31,1387494
"New Hampshire","2021","Meats, eggs, and nuts",14803291.17,2776748.13,1387494
"New Hampshire","2021","Other",2450611.52,499891.06,1387494
"New Hampshire","2021","Sugar and sweeteners",412241.21,113246.75,1387494
"New Hampshire","2021","Vegetables",6157567.42,2958582,1387494
"New Hampshire","2022","Alcohol",10375968.58,1051357.98,1399003
"New Hampshire","2022","Beverages",15067575.56,4675018.69,1399003
"New Hampshire","2022","Commercially prepared items",30053256.13,8891665.44,1399003
"New Hampshire","2022","Dairy",9296236.6,2916896.02,1399003
"New Hampshire","2022","Fats and oils",1588696.88,322016.52,1399003
"New Hampshire","2022","Fruits",5716376.46,1765349.79,1399003
"New Hampshire","2022","Grains",5299270.44,1758901.69,1399003
"New Hampshire","2022","Meats, eggs, and nuts",15513652.37,2659112.38,1399003
"New Hampshire","2022","Other",2647816.75,493589.98,1399003
"New Hampshire","2022","Sugar and sweeteners",448131.92,110257.75,1399003
"New Hampshire","2022","Vegetables",6358828.1,2817859.75,1399003
"New Mexico","2020","Alcohol",14033781.02,2051060.42,2117525
"New Mexico","2020","Beverages",16147654.77,5939606.19,2117525
"New Mexico","2020","Commercially prepared items",29255589.92,10598994.9,2117525
"New Mexico","2020","Dairy",7643582.92,2472324.48,2117525
"New Mexico","2020","Fats and oils",1255933.6,325796.37,2117525
"New Mexico","2020","Fruits",5858346.19,2313777.08,2117525
"New Mexico","2020","Grains",4310033.21,1820427.46,2117525
"New Mexico","2020","Meats, eggs, and nuts",17576322.35,3684944.06,2117525
"New Mexico","2020","Other",3822625.94,728629.33,2117525
"New Mexico","2020","Sugar and sweeteners",528601.31,140479.69,2117525
"New Mexico","2020","Vegetables",7232366.79,4156493.73,2117525
"New Mexico","2021","Alcohol",13047970.13,1714763.67,2116950
"New Mexico","2021","Beverages",17551084.92,6101242.56,2116950
"New Mexico","2021","Commercially prepared items",30768852.29,10471570.88,2116950
"New Mexico","2021","Dairy",7492838.06,2388826.5,2116950
"New Mexico","2021","Fats and oils",1146386.58,281242.29,2116950
"New Mexico","2021","Fruits",6270047.92,2383422.5,2116950
"New Mexico","2021","Grains",4106687.04,1660974.46,2116950
"New Mexico","2021","Meats, eggs, and nuts",17934024.23,3482047.87,2116950
"New Mexico","2021","Other",3958274.33,722643.46,2116950
"New Mexico","2021","Sugar and sweeteners",468378.04,118388.13,2116950
"New Mexico","2021","Vegetables",7005728,3899410.96,2116950
"New Mexico","2022","Alcohol",12792444.75,1544235.75,2113476
"New Mexico","2022","Beverages",19662124.52,6000924.96,2113476
"New Mexico","2022","Commercially prepared items",34570765.52,10308591.48,2113476
"New Mexico","2022","Dairy",8223008.4,2367210.06,2113476
"New Mexico","2022","Fats and oils",1412949.4,277293.17,2113476
"New Mexico","2022","Fruits",6635346.48,2361000.75,2113476
"New Mexico","2022","Grains",4701419.87,1663903.63,2113476
"New Mexico","2022","Meats, eggs, and nuts",19316682.44,3352022.92,2113476
"New Mexico","2022","Other",4228123.4,698971.6,2113476
"New Mexico","2022","Sugar and sweeteners",509638.65,114987.38,2113476
"New Mexico","2022","Vegetables",7479912.6,3825340.9,2113476
"New York","2020","Alcohol",52848386.94,7369624.5,20202320
"New York","2020","Beverages",98976544.67,36235794.94,20202320
"New York","2020","Commercially prepared items",210288540.88,68545865.21,20202320
"New York","2020","Dairy",66950639.87,21504945.92,20202320
"New York","2020","Fats and oils",11807563.1,2532451.88,20202320
"New York","2020","Fruits",48510113.13,15794475.56,20202320
"New York","2020","Grains",39346071.35,14661451.29,20202320
"New York","2020","Meats, eggs, and nuts",123101296.42,23719781.62,20202320
"New York","2020","Other",28951058.67,5311482.52,20202320
"New York","2020","Sugar and sweeteners",3763516.1,980344.67,20202320
"New York","2020","Vegetables",57811608.37,26172108.5,20202320
"New York","2021","Alcohol",51359531.67,6982555,19854526
"New York","2021","Beverages",104660015.35,36263431.69,19854526
"New York","2021","Commercially prepared items",213221966.77,66327532.46,19854526
"New York","2021","Dairy",64760525.5,20414219.9,19854526
"New York","2021","Fats and oils",10583609.75,2196476.67,19854526
"New York","2021","Fruits",49818973.48,15454489.69,19854526
"New York","2021","Grains",36990945.83,13413313.98,19854526
"New York","2021","Meats, eggs, and nuts",119206590.81,21993659.04,19854526
"New York","2021","Other",28510058.37,5041086.77,19854526
"New York","2021","Sugar and sweeteners",3416642.21,848946.71,19854526
"New York","2021","Vegetables",54058764.65,23821243.27,19854526
"New York","2022","Alcohol",51587096.44,6614562.58,19673200
"New York","2022","Beverages",116555106.1,36120136.19,19673200
"New York","2022","Commercially prepared items",236958774.88,65460885.96,19673200
"New York","2022","Dairy",70530339.79,19881351.96,19673200
"New York","2022","Fats and oils",12272967.35,2102424.42,19673200
"New York","2022","Fruits",52290393.02,15051704.71,19673200
"New York","2022","Grains",41396233.25,13290474.21,19673200
"New York","2022","Meats, eggs, and nuts",128132491.5,21717777.67,19673200
"New York","2022","Other",30000654.02,4909175.85,19673200
"New York","2022","Sugar and sweeteners",3661670.38,813701.15,19673200
"New York","2022","Vegetables",56259636.48,22731063.5,19673200
"North Carolina","2020","Alcohol",55662719.38,7896948.23,10439459
"North Carolina","2020","Beverages",78312468.17,31201187.19,10439459
"North Carolina","2020","Commercially prepared items",148231001.88,56529578.44,10439459
"North Carolina","2020","Dairy",36328063.54,13049827.44,10439459
"North Carolina","2020","Fats and oils",6444523.5,1790935.81,10439459
"North Carolina","2020","Fruits",27541774.15,10684024.13,10439459
"North Carolina","2020","Grains",24147201.71,9973659.88,10439459
"North Carolina","2020","Meats, eggs, and nuts",85950060.81,18955710.06,10439459
"North Carolina","2020","Other",20835776.83,4087878.17,10439459
"North Carolina","2020","Sugar and sweeteners",2848085.94,841972.56,10439459
"North Carolina","2020","Vegetables",36401190.9,19794731.17,10439459
"North Carolina","2021","Alcohol",56784317.5,7807781.67,10567100
"North Carolina","2021","Beverages",87210486.33,32324801.62,10567100
"North Carolina","2021","Commercially prepared items",158994616.52,56801358.52,10567100
"North Carolina","2021","Dairy",37342437.37,13054286.54,10567100
"North Carolina","2021","Fats and oils",6472456.46,1657693.44,10567100
"North Carolina","2021","Fruits",30731161.38,11148754.15,10567100
"North Carolina","2021","Grains",24091557.92,9576627.1,10567100
"North Carolina","2021","Meats, eggs, and nuts",91180590.19,18713243.52,10567100
"North Carolina","2021","Other",22045285.29,4123710.25,10567100
"North Carolina","2021","Sugar and sweeteners",2712392.6,757360.54,10567100
"North Carolina","2021","Vegetables",36845727,19121699.71,10567100
"North Carolina","2022","Alcohol",56242898.23,7300712.35,10695965
"North Carolina","2022","Beverages",96085170.25,31153022.81,10695965
"North Carolina","2022","Commercially prepared items",178962471.58,55658544.17,10695965
"North Carolina","2022","Dairy",41735339.96,12858662.79,10695965
"North Carolina","2022","Fats and oils",7881677,1626300.69,10695965
"North Carolina","2022","Fruits",33575158.94,10947724.63,10695965
"North Carolina","2022","Grains",27489760.02,9517348.85,10695965
"North Carolina","2022","Meats, eggs, and nuts",98465154.29,18177928.83,10695965
"North Carolina","2022","Other",23648772.06,4004883.52,10695965
"North Carolina","2022","Sugar and sweeteners",2999875.33,738887.23,10695965
"North Carolina","2022","Vegetables",39663295.6,18584534.75,10695965
"Ohio","2020","Alcohol",63421124.65,7264295.67,11799331
"Ohio","2020","Beverages",82618979.44,32109149.69,11799331
"Ohio","2020","Commercially prepared items",160418558.62,60686123.13,11799331
"Ohio","2020","Dairy",39882512.85,15283478.98,11799331
"Ohio","2020","Fats and oils",6225643.46,1714267.17,11799331
"Ohio","2020","Fruits",26453024,10929498.15,11799331
"Ohio","2020","Grains",22350398.29,10092739.63,11799331
"Ohio","2020","Meats, eggs, and nuts",81570374.44,18499500.17,11799331
"Ohio","2020","Other",20689852.25,3891548.81,11799331
"Ohio","2020","Sugar and sweeteners",2173472.73,685083.33,11799331
"Ohio","2020","Vegetables",34703224.75,18683697.04,11799331
"Ohio","2021","Alcohol",62074767.1,7045364.5,11765227
"Ohio","2021","Beverages",90621370.67,33143379.87,11765227
"Ohio","2021","Commercially prepared items",168483421.27,60029714.79,11765227
"Ohio","2021","Dairy",40393352.13,14824191.44,11765227
"Ohio","2021","Fats and oils",5907076.1,1546984.73,11765227
"Ohio","2021","Fruits",28395819.67,10756863.71,11765227
"Ohio","2021","Grains",22210710,9448350.58,11765227
"Ohio","2021","Meats, eggs, and nuts",83297285.87,17752930.25,11765227
"Ohio","2021","Other",21112697.77,3807799.96,11765227
"Ohio","2021","Sugar and sweeteners",2126960.12,613348,11765227
"Ohio","2021","Vegetables",34054548.15,17467889.52,11765227
"Ohio","2022","Alcohol",62063545.67,6867348.63,11759697
"Ohio","2022","Beverages",99691610.69,31816539.17,11759697
"Ohio","2022","Commercially prepared items",186741910.79,57903628.31,11759697
"Ohio","2022","Dairy",44706212.88,14415217.02,11759697
"Ohio","2022","Fats and oils",7140127.96,1503544.19,11759697
"Ohio","2022","Fruits",30198142.23,10417806.42,11759697
"Ohio","2022","Grains",25558926.71,9430164.48,11759697
"Ohio","2022","Meats, eggs, and nuts",88930870.79,16953829.94,11759697
"Ohio","2022","Other",22684875.4,3671871.73,11759697
"Ohio","2022","Sugar and sweeteners",2372269.81,597472.23,11759697
"Ohio","2022","Vegetables",36521150.29,16787521.38,11759697
"Oklahoma","2020","Alcohol",15500965.6,1746445.92,3959411
"Oklahoma","2020","Beverages",32123470.94,12350673.73,3959411
"Oklahoma","2020","Commercially prepared items",57643268.29,21904517.85,3959411
"Oklahoma","2020","Dairy",13180392.5,4354051.19,3959411
"Oklahoma","2020","Fats and oils",2085553.33,586741.75,3959411
"Oklahoma","2020","Fruits",7855091.77,3179842.67,3959411
"Oklahoma","2020","Grains",7423902.94,3296889.46,3959411
"Oklahoma","2020","Meats, eggs, and nuts",28157627,6371641.38,3959411
"Oklahoma","2020","Other",6738776.38,1339245.35,3959411
"Oklahoma","2020","Sugar and sweeteners",1010043.4,289192.42,3959411
"Oklahoma","2020","Vegetables",10934208.87,6534386.31,3959411
"Oklahoma","2021","Alcohol",15850664.1,1768619.48,3991634
"Oklahoma","2021","Beverages",35155732.9,12763368.12,3991634
"Oklahoma","2021","Commercially prepared items",60705332.44,21879110.62,3991634
"Oklahoma","2021","Dairy",13227857.69,4300994.13,3991634
"Oklahoma","2021","Fats and oils",2011907.27,519399.15,3991634
"Oklahoma","2021","Fruits",8725461.65,3243631.87,3991634
"Oklahoma","2021","Grains",7285392.44,3102542.06,3991634
"Oklahoma","2021","Meats, eggs, and nuts",28659171.04,6072960.4,3991634
"Oklahoma","2021","Other",7033074.69,1330701.19,3991634
"Oklahoma","2021","Sugar and sweeteners",952487.56,255539.12,3991634
"Oklahoma","2021","Vegetables",10862253.17,6170421.21,3991634
"Oklahoma","2022","Alcohol",15585947,1671370.87,4019271
"Oklahoma","2022","Beverages",39040024.48,12408463.48,4019271
"Oklahoma","2022","Commercially prepared items",68233965.29,21455307.81,4019271
"Oklahoma","2022","Dairy",14676037.58,4256624.58,4019271
"Oklahoma","2022","Fats and oils",2498721,509807.5,4019271
"Oklahoma","2022","Fruits",9705599.17,3282382.77,4019271
"Oklahoma","2022","Grains",8317256.52,3106913.75,4019271
"Oklahoma","2022","Meats, eggs, and nuts",31372086.92,5912206.02,4019271
"Oklahoma","2022","Other",7892009.62,1308599,4019271
"Oklahoma","2022","Sugar and sweeteners",1037374.56,249666.17,4019271
"Oklahoma","2022","Vegetables",11964211.15,6028765.06,4019271
"Oregon","2020","Alcohol",24825832.37,2967799.63,4237279
"Oregon","2020","Beverages",26026132.81,10090884.37,4237279
"Oregon","2020","Commercially prepared items",54437290.85,19286953.98,4237279
"Oregon","2020","Dairy",16365574.54,5566442.21,4237279
"Oregon","2020","Fats and oils",2228850.4,561882.6,4237279
"Oregon","2020","Fruits",12064244.23,4660757.35,4237279
"Oregon","2020","Grains",8321768.6,3189715.52,4237279
"Oregon","2020","Meats, eggs, and nuts",27674653.13,5637394.5,4237279
"Oregon","2020","Other",5326680.85,1124652.12,4237279
"Oregon","2020","Sugar and sweeteners",795058.63,210883.6,4237279
"Oregon","2020","Vegetables",15204140.73,7598730.23,4237279
"Oregon","2021","Alcohol",24159036.13,2803382.04,4256465
"Oregon","2021","Beverages",28386485.33,10456171.92,4256465
"Oregon","2021","Commercially prepared items",57378874.46,19124243.27,4256465
"Oregon","2021","Dairy",16468835.15,5462047.23,4256465
"Oregon","2021","Fats and oils",2037104.77,500713.02,4256465
"Oregon","2021","Fruits",13099685.37,4735578.42,4256465
"Oregon","2021","Grains",8283545.52,3045337.48,4256465
"Oregon","2021","Meats, eggs, and nuts",28565958.52,5471432.04,4256465
"Oregon","2021","Other",5558115.63,1144793.25,4256465
"Oregon","2021","Sugar and sweeteners",721629.42,183256.17,4256465
"Oregon","2021","Vegetables",14945418.37,7250475.42,4256465
"Oregon","2022","Alcohol",23263348.25,2615533.12,4239379
"Oregon","2022","Beverages",30341713.5,9948886.35,4239379
"Oregon","2022","Commercially prepared items",62944686.19,18230781.79,4239379
"Oregon","2022","Dairy",17667260.58,5220300.85,4239379
"Oregon","2022","Fats and oils",2334036.08,477620.15,4239379
"Oregon","2022","Fruits",13635990,4498219.98,4239379
"Oregon","2022","Grains",9164496.38,2941833.52,4239379
"Oregon","2022","Meats, eggs, and nuts",29795413.85,5127133.06,4239379
"Oregon","2022","Other",5921396.27,1097160.67,4239379
"Oregon","2022","Sugar and sweeteners",775218.29,172405.62,4239379
"Oregon","2022","Vegetables",15222470.65,6779948.67,4239379
"Pennsylvania","2020","Alcohol",12217666.12,1245814.83,13002788
"Pennsylvania","2020","Beverages",81451694.81,30370883.21,13002788
"Pennsylvania","2020","Commercially prepared items",178702596.65,62791534.31,13002788
"Pennsylvania","2020","Dairy",51888870.62,17859240.75,13002788
"Pennsylvania","2020","Fats and oils",8008400,2078902.85,13002788
"Pennsylvania","2020","Fruits",33642960.62,11626916.4,13002788
"Pennsylvania","2020","Grains",28018397.83,11712241.25,13002788
"Pennsylvania","2020","Meats, eggs, and nuts",93517669.48,18685960.94,13002788
"Pennsylvania","2020","Other",23982669.23,4399606.25,13002788
"Pennsylvania","2020","Sugar and sweeteners",2761085.75,829611.13,13002788
"Pennsylvania","2020","Vegetables",40798986.06,19489695.27,13002788
"Pennsylvania","2021","Alcohol",10579498.42,1117520.46,13013614
"Pennsylvania","2021","Beverages",88541564.69,31254194.75,13013614
"Pennsylvania","2021","Commercially prepared items",188011020.06,62670607.79,13013614
"Pennsylvania","2021","Dairy",51389199.56,17360385.46,13013614
"Pennsylvania","2021","Fats and oils",7453384.96,1841630.12,13013614
"Pennsylvania","2021","Fruits",36204089.1,11788588.37,13013614
"Pennsylvania","2021","Grains",27376785.9,10997589.29,13013614
"Pennsylvania","2021","Meats, eggs, and nuts",95317032.42,17965629.79,13013614
"Pennsylvania","2021","Other",24535860.81,4341564.46,13013614
"Pennsylvania","2021","Sugar and sweeteners",2608406.35,731174.5,13013614
"Pennsylvania","2021","Vegetables",39625842.87,18260802.54,13013614
"Pennsylvania","2022","Alcohol",11524294.71,1189921.44,12972091
"Pennsylvania","2022","Beverages",97147805,30285383.62,12972091
"Pennsylvania","2022","Commercially prepared items",207639520.21,60714549.37,12972091
"Pennsylvania","2022","Dairy",55617819.38,16802573.47,12972091
"Pennsylvania","2022","Fats and oils",8823601.02,1771543.65,12972091
"Pennsylvania","2022","Fruits",37630406.73,11185658.58,12972091
"Pennsylvania","2022","Grains",30903028.98,10901703.29,12972091
"Pennsylvania","2022","Meats, eggs, and nuts",100223130.21,17304325.58,12972091
"Pennsylvania","2022","Other",25656543.58,4152923.96,12972091
"Pennsylvania","2022","Sugar and sweeteners",2869715.67,708131.4,12972091
"Pennsylvania","2022","Vegetables",41443953,17449192.69,12972091
"Rhode Island","2020","Alcohol",73199.67,5996.02,1097371
"Rhode Island","2020","Beverages",5969783.08,2220283.17,1097371
"Rhode Island","2020","Commercially prepared items",13001600.62,4355150.5,1097371
"Rhode Island","2020","Dairy",4094769.02,1301655.63,1097371
"Rhode Island","2020","Fats and oils",664715.77,151619.46,1097371
"Rhode Island","2020","Fruits",2997993.81,992696.94,1097371
"Rhode Island","2020","Grains",2291330.15,889251.1,1097371
"Rhode Island","2020","Meats, eggs, and nuts",7186128.04,1372636.21,1097371
"Rhode Island","2020","Other",1504069.5,276107.48,1097371
"Rhode Island","2020","Sugar and sweeteners",205867.98,54489.63,1097371
"Rhode Island","2020","Vegetables",3600094.65,1609519.13,1097371
"Rhode Island","2021","Alcohol",77294.56,6334.52,1097092
"Rhode Island","2021","Beverages",6453939.48,2279006.73,1097092
"Rhode Island","2021","Commercially prepared items",13196161.13,4276255.42,1097092
"Rhode Island","2021","Dairy",3988256.38,1256515.63,1097092
"Rhode Island","2021","Fats and oils",584029.85,132266.1,1097092
"Rhode Island","2021","Fruits",3092165.52,967379.02,1097092
"Rhode Island","2021","Grains",2160795.46,810554.75,1097092
"Rhode Island","2021","Meats, eggs, and nuts",6869668.12,1272076.48,1097092
"Rhode Island","2021","Other",1496536.17,269498.25,1097092
"Rhode Island","2021","Sugar and sweeteners",186370.35,48343.94,1097092
"Rhode Island","2021","Vegetables",3340929.38,1443820.06,1097092
"Rhode Island","2022","Alcohol",74765.27,6290.15,1093842
"Rhode Island","2022","Beverages",7170325.15,2265170.23,1093842
"Rhode Island","2022","Commercially prepared items",14573616.35,4212631.77,1093842
"Rhode Island","2022","Dairy",4279129.62,1240250.77,1093842
"Rhode Island","2022","Fats and oils",691745.4,129836.56,1093842
"Rhode Island","2022","Fruits",3130611.5,917025.48,1093842
"Rhode Island","2022","Grains",2426345.81,803720.67,1093842
"Rhode Island","2022","Meats, eggs, and nuts",7117277.25,1208389.51,1093842
"Rhode Island","2022","Other",1511140.98,261593.02,1093842
"Rhode Island","2022","Sugar and sweeteners",202296.92,47878.02,1093842
"Rhode Island","2022","Vegetables",3326251.48,1359331,1093842
"South Carolina","2020","Alcohol",27770695.73,3745760.58,5118422
"South Carolina","2020","Beverages",41481479.23,16911214.65,5118422
"South Carolina","2020","Commercially prepared items",76410366.73,29245144.77,5118422
"South Carolina","2020","Dairy",17755973.54,6291505.44,5118422
"South Carolina","2020","Fats and oils",3243945.25,931540.58,5118422
"South Carolina","2020","Fruits",13327039.65,5144821.35,5118422
"South Carolina","2020","Grains",11656278.46,4928656.88,5118422
"South Carolina","2020","Meats, eggs, and nuts",44308688.15,9758397.81,5118422
"South Carolina","2020","Other",10993896.77,2125487.19,5118422
"South Carolina","2020","Sugar and sweeteners",1445637.13,439606.63,5118422
"South Carolina","2020","Vegetables",17731479.98,9307183.4,5118422
"South Carolina","2021","Alcohol",28045536.92,3694437.63,5193848
"South Carolina","2021","Beverages",46409914.75,17654926.85,5193848
"South Carolina","2021","Commercially prepared items",82367402.77,29751732.48,5193848
"South Carolina","2021","Dairy",18230874.6,6322224.54,5193848
"South Carolina","2021","Fats and oils",3268698.23,869955.6,5193848
"South Carolina","2021","Fruits",14805956.96,5418840.56,5193848
"South Carolina","2021","Grains",11640931.17,4736660.81,5193848
"South Carolina","2021","Meats, eggs, and nuts",45597486.87,9514657.92,5193848
"South Carolina","2021","Other",11421187.13,2131074.46,5193848
"South Carolina","2021","Sugar and sweeteners",1395886.08,398886,5193848
"South Carolina","2021","Vegetables",17731849.67,8998279,5193848
"South Carolina","2022","Alcohol",29346585.65,3672327.65,5282955
"South Carolina","2022","Beverages",52633299.54,17496057.71,5282955
"South Carolina","2022","Commercially prepared items",93913033.1,29452876.58,5282955
"South Carolina","2022","Dairy",20643434.37,6318190.56,5282955
"South Carolina","2022","Fats and oils",4065487,855294.21,5282955
"South Carolina","2022","Fruits",16385802.87,5473636.13,5282955
"South Carolina","2022","Grains",13575622.1,4799103.35,5282955
"South Carolina","2022","Meats, eggs, and nuts",50373760.62,9353007.02,5282955
"South Carolina","2022","Other",12398652.5,2082829.52,5282955
"South Carolina","2022","Sugar and sweeteners",1565865.71,394114.85,5282955
"South Carolina","2022","Vegetables",19384353.13,8849945.37,5282955
"South Dakota","2020","Alcohol",5810700.4,636903.92,886668
"South Dakota","2020","Beverages",6558064.29,2409775.63,886668
"South Dakota","2020","Commercially prepared items",13740701.1,4886304.79,886668
"South Dakota","2020","Dairy",3563217.08,1206849.88,886668
"South Dakota","2020","Fats and oils",556214.92,151488.52,886668
"South Dakota","2020","Fruits",2383057.27,819048.52,886668
"South Dakota","2020","Grains",1861740.31,778177.29,886668
"South Dakota","2020","Meats, eggs, and nuts",6530461.13,1344212.29,886668
"South Dakota","2020","Other",1458839.42,281520.9,886668
"South Dakota","2020","Sugar and sweeteners",186973.23,55849.38,886668
"South Dakota","2020","Vegetables",2986569.23,1518874.25,886668
"South Dakota","2021","Alcohol",5730104.15,641793.48,896299
"South Dakota","2021","Beverages",7150571,2541672.21,896299
"South Dakota","2021","Commercially prepared items",14030976.06,4779038.65,896299
"South Dakota","2021","Dairy",3502123.02,1155249.38,896299
"South Dakota","2021","Fats and oils",517090.79,132658.08,896299
"South Dakota","2021","Fruits",2475486.4,812130.33,896299
"South Dakota","2021","Grains",1802315.71,727911.92,896299
"South Dakota","2021","Meats, eggs, and nuts",6363151.58,1244658.19,896299
"South Dakota","2021","Other",1473252.98,273405.69,896299
"South Dakota","2021","Sugar and sweeteners",169080.15,48678.1,896299
"South Dakota","2021","Vegetables",2891401.71,1418830.71,896299
"South Dakota","2022","Alcohol",5572052.94,615829.81,909869
"South Dakota","2022","Beverages",7858921.79,2530707.81,909869
"South Dakota","2022","Commercially prepared items",15486572.46,4673759.27,909869
"South Dakota","2022","Dairy",3845254.37,1123827.33,909869
"South Dakota","2022","Fats and oils",629616.6,130059.25,909869
"South Dakota","2022","Fruits",2604847.02,814238.92,909869
"South Dakota","2022","Grains",2059559.73,735029.33,909869
"South Dakota","2022","Meats, eggs, and nuts",6881150.38,1209980.17,909869
"South Dakota","2022","Other",1603481.29,267094.9,909869
"South Dakota","2022","Sugar and sweeteners",189857.94,49143.71,909869
"South Dakota","2022","Vegetables",3073525.42,1378799.85,909869
"Tennessee","2020","Alcohol",28757603.58,4189671.29,6910786
"Tennessee","2020","Beverages",56133438.02,22701627.81,6910786
"Tennessee","2020","Commercially prepared items",97542186.12,38424696.96,6910786
"Tennessee","2020","Dairy",23746267.79,8483484.94,6910786
"Tennessee","2020","Fats and oils",3839660.88,1153787.88,6910786
"Tennessee","2020","Fruits",16020093.12,6533171.02,6910786
"Tennessee","2020","Grains",13674690.15,6220325.71,6910786
"Tennessee","2020","Meats, eggs, and nuts",52642002.4,12111533.19,6910786
"Tennessee","2020","Other",13327164.23,2653462,6910786
"Tennessee","2020","Sugar and sweeteners",1752282.92,544183.75,6910786
"Tennessee","2020","Vegetables",21597089.1,12000835.62,6910786
"Tennessee","2021","Alcohol",29436537,4116645.87,6963709
"Tennessee","2021","Beverages",63240723.94,23773488.5,6963709
"Tennessee","2021","Commercially prepared items",106168587.58,39014266.29,6963709
"Tennessee","2021","Dairy",24479477.21,8453804.69,6963709
"Tennessee","2021","Fats and oils",3860364.63,1057270.31,6963709
"Tennessee","2021","Fruits",17791186.12,6649855.02,6963709
"Tennessee","2021","Grains",13942968.17,5976011.9,6963709
"Tennessee","2021","Meats, eggs, and nuts",54829658.87,11770760.27,6963709
"Tennessee","2021","Other",14099074.19,2642813.29,6963709
"Tennessee","2021","Sugar and sweeteners",1728029.44,490890.4,6963709
"Tennessee","2021","Vegetables",21545233.63,11390864.54,6963709
"Tennessee","2022","Alcohol",29816479.15,3960636.67,7048976
"Tennessee","2022","Beverages",69832750.81,23073963.5,7048976
"Tennessee","2022","Commercially prepared items",118512900.62,37749919.98,7048976
"Tennessee","2022","Dairy",27381625.94,8257852.48,7048976
"Tennessee","2022","Fats and oils",4671293.69,1013032.54,7048976
"Tennessee","2022","Fruits",19167294.73,6515874.46,7048976
"Tennessee","2022","Grains",16128647.13,5973830.71,7048976
"Tennessee","2022","Meats, eggs, and nuts",59254139.08,11316557.81,7048976
"Tennessee","2022","Other",14672642.69,2480231.19,7048976
"Tennessee","2022","Sugar and sweeteners",1906688.85,473949.04,7048976
"Tennessee","2022","Vegetables",23246698.29,11029404.23,7048976
"Texas","2020","Alcohol",152846318.77,19083397.02,29145459
"Texas","2020","Beverages",200008802.67,74920580.04,29145459
"Texas","2020","Commercially prepared items",347638872.4,133812265.12,29145459
"Texas","2020","Dairy",77114187.27,26340411.19,29145459
"Texas","2020","Fats and oils",14237778.65,3900618.37,29145459
"Texas","2020","Fruits",62670865.5,28481143.02,29145459
"Texas","2020","Grains",49865660.48,23487145.79,29145459
"Texas","2020","Meats, eggs, and nuts",195415752.79,44725791.48,29145459
"Texas","2020","Other",48165521.87,10065637.75,29145459
"Texas","2020","Sugar and sweeteners",5892404.96,1671590.25,29145459
"Texas","2020","Vegetables",70133806.67,46047362.33,29145459
"Texas","2021","Alcohol",153480200.19,18606069.21,29561286
"Texas","2021","Beverages",221426474.73,77472241.02,29561286
"Texas","2021","Commercially prepared items",370609243.54,134657562,29561286
"Texas","2021","Dairy",77950329.42,25841211.02,29561286
"Texas","2021","Fats and oils",13941719.42,3489582.65,29561286
"Texas","2021","Fruits",66440665.52,27684170.58,29561286
"Texas","2021","Grains",48801388.17,21825741.04,29561286
"Texas","2021","Meats, eggs, and nuts",196633725.9,41842108.88,29561286
"Texas","2021","Other",50337864.25,9992486.4,29561286
"Texas","2021","Sugar and sweeteners",5490996.38,1473986.02,29561286
"Texas","2021","Vegetables",66671091.98,42185561.48,29561286
"Texas","2022","Alcohol",157097433.4,18598777.63,30029848
"Texas","2022","Beverages",245946362.13,75923434.02,30029848
"Texas","2022","Commercially prepared items",413374349.21,130392649.5,30029848
"Texas","2022","Dairy",86291745.13,25366420.75,30029848
"Texas","2022","Fats and oils",16779294.96,3391726.75,30029848
"Texas","2022","Fruits",70726888.21,25241271.27,30029848
"Texas","2022","Grains",55308204.12,20727225.79,30029848
"Texas","2022","Meats, eggs, and nuts",204783654.17,38164677.04,30029848
"Texas","2022","Other",53279217.79,9509012.12,30029848
"Texas","2022","Sugar and sweeteners",6029872.77,1401896.23,30029848
"Texas","2022","Vegetables",68848889.69,37388959.83,30029848
"Utah","2020","Alcohol",7145285.52,899351.71,3271614
"Utah","2020","Beverages",18796289.92,7580554.71,3271614
"Utah","2020","Commercially prepared items",39993967.96,15113753.33,3271614
"Utah","2020","Dairy",11015725.46,4080379.62,3271614
"Utah","2020","Fats and oils",1569400.52,431631,3271614
"Utah","2020","Fruits",7594285.13,3292236.29,3271614
"Utah","2020","Grains",5689668.21,2449067.58,3271614
"Utah","2020","Meats, eggs, and nuts",16755994.98,3804274.27,3271614
"Utah","2020","Other",4323851.56,913491.31,3271614
"Utah","2020","Sugar and sweeteners",638716.62,183880.58,3271614
"Utah","2020","Vegetables",8758813.1,5106286.42,3271614
"Utah","2021","Alcohol",7473911.06,942471.73,3339284
"Utah","2021","Beverages",20428223.6,7788008.96,3339284
"Utah","2021","Commercially prepared items",41240943.35,14752361.54,3339284
"Utah","2021","Dairy",11143446.23,3947577.42,3339284
"Utah","2021","Fats and oils",1439471.38,375877.73,3339284
"Utah","2021","Fruits",7994341.23,3246337.19,3339284
"Utah","2021","Grains",5488283.81,2246850.56,3339284
"Utah","2021","Meats, eggs, and nuts",16972268.04,3582859.48,3339284
"Utah","2021","Other",4357013.12,888221.77,3339284
"Utah","2021","Sugar and sweeteners",565705.71,154101.02,3339284
"Utah","2021","Vegetables",8391915.21,4753978.13,3339284
"Utah","2022","Alcohol",7678211.98,942649.79,3381236
"Utah","2022","Beverages",22064841.62,7359056.37,3381236
"Utah","2022","Commercially prepared items",45364636.56,14025388.94,3381236
"Utah","2022","Dairy",12177109.73,3753989.23,3381236
"Utah","2022","Fats and oils",1754694.75,357327.88,3381236
"Utah","2022","Fruits",8348105.94,3173035.77,3381236
"Utah","2022","Grains",6187056.4,2212098.27,3381236
"Utah","2022","Meats, eggs, and nuts",18532300.21,3400089.27,3381236
"Utah","2022","Other",4697238.52,862657.1,3381236
"Utah","2022","Sugar and sweeteners",598476.79,142678.69,3381236
"Utah","2022","Vegetables",8849915.9,4542885.58,3381236
"Vermont","2020","Alcohol",4770794.17,600069.13,643077
"Vermont","2020","Beverages",4286182.35,1603585.92,643077
"Vermont","2020","Commercially prepared items",9331166.08,3177296.02,643077
"Vermont","2020","Dairy",3126240.81,990254.54,643077
"Vermont","2020","Fats and oils",463532.06,112959.04,643077
"Vermont","2020","Fruits",2055344.46,669236.08,643077
"Vermont","2020","Grains",1677658.9,610413.02,643077
"Vermont","2020","Meats, eggs, and nuts",5245949.56,1046485.08,643077
"Vermont","2020","Other",1018496.27,198011.96,643077
"Vermont","2020","Sugar and sweeteners",134953.08,39986.85,643077
"Vermont","2020","Vegetables",2779858.33,1198784.4,643077
"Vermont","2021","Alcohol",4737550.33,591712.06,647093
"Vermont","2021","Beverages",4596164.08,1652333.58,647093
"Vermont","2021","Commercially prepared items",9565182.75,3099138.67,647093
"Vermont","2021","Dairy",3111520.08,956848.19,647093
"Vermont","2021","Fats and oils",413858.65,100652.33,647093
"Vermont","2021","Fruits",2090332.75,662654.31,647093
"Vermont","2021","Grains",1617194.58,562274.71,647093
"Vermont","2021","Meats, eggs, and nuts",5143371.79,988794.56,647093
"Vermont","2021","Other",1014378.4,191381.58,647093
"Vermont","2021","Sugar and sweeteners",122169.79,34575.35,647093
"Vermont","2021","Vegetables",2682998.15,1135770.42,647093
"Vermont","2022","Alcohol",4583330.21,556854.87,647110
"Vermont","2022","Beverages",4938873.37,1603550.5,647110
"Vermont","2022","Commercially prepared items",10424939.02,2975306.08,647110
"Vermont","2022","Dairy",3253443.02,917141.54,647110
"Vermont","2022","Fats and oils",469514.98,96400.9,647110
"Vermont","2022","Fruits",2166394.38,642509.98,647110
"Vermont","2022","Grains",1751465.69,542358.48,647110
"Vermont","2022","Meats, eggs, and nuts",5304924,939675.17,647110
"Vermont","2022","Other",1049801.62,181843.85,647110
"Vermont","2022","Sugar and sweeteners",132046.31,33340.62,647110
"Vermont","2022","Vegetables",2737085.44,1077668.1,647110
"Virginia","2020","Alcohol",50935195.73,6371460.04,8631373
"Virginia","2020","Beverages",63408946.02,24621636.23,8631373
"Virginia","2020","Commercially prepared items",126697661.65,46716454.63,8631373
"Virginia","2020","Dairy",32447388.56,11361890.44,8631373
"Virginia","2020","Fats and oils",5281851.73,1418932.42,8631373
"Virginia","2020","Fruits",25176083.73,9492568.4,8631373
"Virginia","2020","Grains",20299968.08,8103473.56,8631373
"Virginia","2020","Meats, eggs, and nuts",70212352.37,14975060.98,8631373
"Virginia","2020","Other",17760115.12,3393013.12,8631373
"Virginia","2020","Sugar and sweeteners",2121825.67,624096.48,8631373
"Virginia","2020","Vegetables",31168066.81,16251801.13,8631373
"Virginia","2021","Alcohol",50608444.83,6317160.46,8657348
"Virginia","2021","Beverages",69130348.4,25489172.67,8657348
"Virginia","2021","Commercially prepared items",132628342.9,46341088.37,8657348
"Virginia","2021","Dairy",32117979.15,10986320.6,8657348
"Virginia","2021","Fats and oils",4997644.38,1270949.87,8657348
"Virginia","2021","Fruits",26778645.21,9508165.23,8657348
"Virginia","2021","Grains",19679115.9,7592172.02,8657348
"Virginia","2021","Meats, eggs, and nuts",70732639.15,14268842.79,8657348
"Virginia","2021","Other",17857071.37,3330592.92,8657348
"Virginia","2021","Sugar and sweeteners",2025563.17,551965.31,8657348
"Virginia","2021","Vegetables",30307802.15,15156073.98,8657348
"Virginia","2022","Alcohol",50241400.69,6114305.06,8679099
"Virginia","2022","Beverages",76920286.37,24943865.37,8679099
"Virginia","2022","Commercially prepared items",150017601.6,45687801.96,8679099
"Virginia","2022","Dairy",35502127.27,10679963.42,8679099
"Virginia","2022","Fats and oils",6048491.44,1235287.38,8679099
"Virginia","2022","Fruits",28735070.33,9245999.29,8679099
"Virginia","2022","Grains",22278209.12,7502587.29,8679099
"Virginia","2022","Meats, eggs, and nuts",75590653.35,13836623.4,8679099
"Virginia","2022","Other",19270413.29,3253467.9,8679099
"Virginia","2022","Sugar and sweeteners",2229425.79,535460.12,8679099
"Virginia","2022","Vegetables",32118356.83,14575332.15,8679099
"Washington","2020","Alcohol",46621644.33,4899533.46,7705267
"Washington","2020","Beverages",43112250.94,15990165.92,7705267
"Washington","2020","Commercially prepared items",95145937.58,32604754.65,7705267
"Washington","2020","Dairy",27511106.48,9165300.02,7705267
"Washington","2020","Fats and oils",3720827.81,916926.12,7705267
"Washington","2020","Fruits",21599716.13,7682418.4,7705267
"Washington","2020","Grains",14855579.87,5580027.88,7705267
"Washington","2020","Meats, eggs, and nuts",49001743.83,9547035.62,7705267
"Washington","2020","Other",10071914.48,2008647.98,7705267
"Washington","2020","Sugar and sweeteners",1379635.65,361513.54,7705267
"Washington","2020","Vegetables",26865300.75,12926654.81,7705267
"Washington","2021","Alcohol",45073677.15,4646039.06,7741433
"Washington","2021","Beverages",46452604.35,16597343.1,7741433
"Washington","2021","Commercially prepared items",99430313.35,31983911.44,7741433
"Washington","2021","Dairy",27390795.79,8861006.54,7741433
"Washington","2021","Fats and oils",3337137.06,795692.42,7741433
"Washington","2021","Fruits",23233800.12,7797792.54,7741433
"Washington","2021","Grains",14543600.4,5246181.37,7741433
"Washington","2021","Meats, eggs, and nuts",48976875.63,9058223.87,7741433
"Washington","2021","Other",10183524.6,1985801.04,7741433
"Washington","2021","Sugar and sweeteners",1242310.23,310462.65,7741433
"Washington","2021","Vegetables",25887389.12,12169107.27,7741433
"Washington","2022","Alcohol",43585965.08,4361684.44,7784477
"Washington","2022","Beverages",49638415.96,15831086.38,7784477
"Washington","2022","Commercially prepared items",110017317.65,30894412.73,7784477
"Washington","2022","Dairy",29384734.81,8481024.75,7784477
"Washington","2022","Fats and oils",3904287.62,771014.27,7784477
"Washington","2022","Fruits",24391719.08,7500820.29,7784477
"Washington","2022","Grains",16198983.79,5096034.83,7784477
"Washington","2022","Meats, eggs, and nuts",50680621.27,8581369.58,7784477
"Washington","2022","Other",10839525,1925013.06,7784477
"Washington","2022","Sugar and sweeteners",1368108.08,294029.17,7784477
"Washington","2022","Vegetables",27111085.62,11527181.04,7784477
"West Virginia","2020","Alcohol",8942619.6,1119059.71,1793713
"West Virginia","2020","Beverages",16310961.73,6386638.79,1793713
"West Virginia","2020","Commercially prepared items",28280609.17,11504632.06,1793713
"West Virginia","2020","Dairy",6654275.96,2516780.44,1793713
"West Virginia","2020","Fats and oils",1042966.06,321799.9,1793713
"West Virginia","2020","Fruits",3701796.25,1523004.73,1793713
"West Virginia","2020","Grains",4237897.21,1904087.29,1793713
"West Virginia","2020","Meats, eggs, and nuts",13612425.19,3321529.69,1793713
"West Virginia","2020","Other",3500421.12,689117.54,1793713
"West Virginia","2020","Sugar and sweeteners",444299,141654.6,1793713
"West Virginia","2020","Vegetables",5635363.62,3157481.54,1793713
"West Virginia","2021","Alcohol",8565178.62,1067407.04,1785249
"West Virginia","2021","Beverages",17669791.23,6495271.81,1785249
"West Virginia","2021","Commercially prepared items",29629494.92,11387026.37,1785249
"West Virginia","2021","Dairy",6677193.48,2448150.1,1785249
"West Virginia","2021","Fats and oils",984809.5,284847.77,1785249
"West Virginia","2021","Fruits",3977948,1528581.33,1785249
"West Virginia","2021","Grains",4147176.73,1758333.87,1785249
"West Virginia","2021","Meats, eggs, and nuts",14000128.33,3189410.58,1785249
"West Virginia","2021","Other",3570909.77,678695.96,1785249
"West Virginia","2021","Sugar and sweeteners",426210.79,124689.54,1785249
"West Virginia","2021","Vegetables",5461343.63,2895451.21,1785249
"West Virginia","2022","Alcohol",8527180.85,1033516.94,1774035
"West Virginia","2022","Beverages",19415905.69,6287849.27,1774035
"West Virginia","2022","Commercially prepared items",32797751.6,11044830.69,1774035
"West Virginia","2022","Dairy",7431867.77,2395139.46,1774035
"West Virginia","2022","Fats and oils",1194878.04,273925.81,1774035
"West Virginia","2022","Fruits",4186229.48,1475034.33,1774035
"West Virginia","2022","Grains",4739523.98,1751828.73,1774035
"West Virginia","2022","Meats, eggs, and nuts",14965658.65,3057920.31,1774035
"West Virginia","2022","Other",3824638.23,656086.38,1774035
"West Virginia","2022","Sugar and sweeteners",465324.15,121581.19,1774035
"West Virginia","2022","Vegetables",5826204.46,2777464.67,1774035
"Wisconsin","2020","Alcohol",24208030.98,2450660.98,5893713
"Wisconsin","2020","Beverages",35717804.44,13489551.83,5893713
"Wisconsin","2020","Commercially prepared items",72514628.1,26518550.04,5893713
"Wisconsin","2020","Dairy",19564930.23,7295753.67,5893713
"Wisconsin","2020","Fats and oils",2872403.38,829282.27,5893713
"Wisconsin","2020","Fruits",13107086.77,5226029.08,5893713
"Wisconsin","2020","Grains",9801967.63,4369255.42,5893713
"Wisconsin","2020","Meats, eggs, and nuts",35034856.06,7712592.62,5893713
"Wisconsin","2020","Other",8372411.15,1668926.48,5893713
"Wisconsin","2020","Sugar and sweeteners",899808.65,280957.6,5893713
"Wisconsin","2020","Vegetables",15746260.62,8559565.85,5893713
"Wisconsin","2021","Alcohol",23637942.56,2363554.63,5879978
"Wisconsin","2021","Beverages",38815358.69,14006417.56,5879978
"Wisconsin","2021","Commercially prepared items",75684945.48,26253273.37,5879978
"Wisconsin","2021","Dairy",19529210.46,7012217.92,5879978
"Wisconsin","2021","Fats and oils",2636916.58,716309.94,5879978
"Wisconsin","2021","Fruits",13868569.5,5150804.79,5879978
"Wisconsin","2021","Grains",9601076.19,4040617.25,5879978
"Wisconsin","2021","Meats, eggs, and nuts",35087451.15,7308410.69,5879978
"Wisconsin","2021","Other",8605485.9,1627200.56,5879978
"Wisconsin","2021","Sugar and sweeteners",829933.31,246820.37,5879978
"Wisconsin","2021","Vegetables",15298465.65,7958785.21,5879978
"Wisconsin","2022","Alcohol",22991291.29,2255119.38,5890543
"Wisconsin","2022","Beverages",42053127.92,13436323.29,5890543
"Wisconsin","2022","Commercially prepared items",83410905.17,25475873.71,5890543
"Wisconsin","2022","Dairy",21427086.62,6747750.79,5890543
"Wisconsin","2022","Fats and oils",3194567.65,678619.15,5890543
"Wisconsin","2022","Fruits",14456941.96,4903556.08,5890543
"Wisconsin","2022","Grains",10904003.87,3988052.23,5890543
"Wisconsin","2022","Meats, eggs, and nuts",37800004.23,6940654.92,5890543
"Wisconsin","2022","Other",9078707.17,1547877,5890543
"Wisconsin","2022","Sugar and sweeteners",904082.5,240793.1,5890543
"Wisconsin","2022","Vegetables",16064234.1,7593840.85,5890543
"Wyoming","2020","Alcohol",1979824.73,183564.06,576850
"Wyoming","2020","Beverages",5098184.12,1915240.37,576850
"Wyoming","2020","Commercially prepared items",9547077.96,3379387.08,576850
"Wyoming","2020","Dairy",2682136.65,872552.35,576850
"Wyoming","2020","Fats and oils",406180.69,103368.62,576850
"Wyoming","2020","Fruits",1797700.37,666285.04,576850
"Wyoming","2020","Grains",1323875.96,536737,576850
"Wyoming","2020","Meats, eggs, and nuts",5260529.67,1049873.35,576850
"Wyoming","2020","Other",1046915.94,197099.33,576850
"Wyoming","2020","Sugar and sweeteners",145246.04,37527.46,576850
"Wyoming","2020","Vegetables",2262837.19,1172451.13,576850
"Wyoming","2021","Alcohol",1834550.88,173633.4,579548
"Wyoming","2021","Beverages",5381890.12,1942399.08,579548
"Wyoming","2021","Commercially prepared items",9775441.25,3303333.4,579548
"Wyoming","2021","Dairy",2645143,843712.33,579548
"Wyoming","2021","Fats and oils",373400.31,90881.85,579548
"Wyoming","2021","Fruits",1867859.33,659092.58,579548
"Wyoming","2021","Grains",1270864.15,499839.08,579548
"Wyoming","2021","Meats, eggs, and nuts",5235961.5,984358.48,579548
"Wyoming","2021","Other",1042803.38,190024.56,579548
"Wyoming","2021","Sugar and sweeteners",132414.5,33202.29,579548
"Wyoming","2021","Vegetables",2169705.58,1092330.9,579548
"Wyoming","2022","Alcohol",1730693.15,157616.73,581629
"Wyoming","2022","Beverages",5755100.92,1856636.48,581629
"Wyoming","2022","Commercially prepared items",10850766.37,3195868.17,581629
"Wyoming","2022","Dairy",2902508.94,826332.88,581629
"Wyoming","2022","Fats and oils",454557.94,89760.69,581629
"Wyoming","2022","Fruits",1936655.9,641279.83,581629
"Wyoming","2022","Grains",1449405.94,499157.23,581629
"Wyoming","2022","Meats, eggs, and nuts",5561466.63,933827.56,581629
"Wyoming","2022","Other",1133587.67,187388.52,581629
"Wyoming","2022","Sugar and sweeteners",146543.79,32411.56,581629
"Wyoming","2022","Vegetables",2302131.17,1057456.56,581629
